Workbook

Sheet Menu
B2: Video Tutorial
B3: =HYPERLINK("https://docs.google.com/spreadsheets/d/1e2BOHVwG__zzJXOYlk6mqBmkq1gTDD6SafJrFhAFJMM/edit?gid=346688937#gid=346688937","Check Off Releases and Sustainings") -> Check Off Releases and Sustainings | E3: Status Board
B5: Pulpit Friendly Pages | E5: Assignments
B6: Charlotte | C6: {=COUNTIFs( INDEX(Sustainings!$A:$Z, 0, MATCH(B6, Sustainings!$3:$3, 0)), FALSE,Sustainings!O:O,"Active" )+COUNTIFs('Status Board'!$D:$D,$B6,'Status Board'!$E:$E,"Set Apart")+COUNTIFs('Status Board'!$D:$D,$B6,'Status Board'!$E:$E,"Ordaining")+COUNTIFs('Status Board'!$D:$D,$B6,'Status Board'!$E:$E,"Training")} -> 3 | E6: Rawson | F6: =countifs('Status Board'!F:F,$E6,'Status Board'!E:E,"<>" & "Training")+countifs('Status Board'!G:G,$E6,'Status Board'!E:E,"Training") -> 0
B7: Holt | C7: {=COUNTIFs( INDEX(Sustainings!$A:$Z, 0, MATCH(B7, Sustainings!$3:$3, 0)), FALSE,Sustainings!O:O,"Active" )+COUNTIFs('Status Board'!$D:$D,$B7,'Status Board'!$E:$E,"Set Apart")+COUNTIFs('Status Board'!$D:$D,$B7,'Status Board'!$E:$E,"Ordaining")+COUNTIFs('Status Board'!$D:$D,$B7,'Status Board'!$E:$E,"Training")} -> 1 | E7: Earl | F7: =countifs('Status Board'!F:F,$E7,'Status Board'!E:E,"<>" & "Training")+countifs('Status Board'!G:G,$E7,'Status Board'!E:E,"Training") -> 8
B8: Jackson | C8: {=COUNTIFs( INDEX(Sustainings!$A:$Z, 0, MATCH(B8, Sustainings!$3:$3, 0)), FALSE,Sustainings!O:O,"Active" )+COUNTIFs('Status Board'!$D:$D,$B8,'Status Board'!$E:$E,"Set Apart")+COUNTIFs('Status Board'!$D:$D,$B8,'Status Board'!$E:$E,"Ordaining")+COUNTIFs('Status Board'!$D:$D,$B8,'Status Board'!$E:$E,"Training")} -> 1 | E8: Pierce | F8: =countifs('Status Board'!F:F,$E8,'Status Board'!E:E,"<>" & "Training")+countifs('Status Board'!G:G,$E8,'Status Board'!E:E,"Training") -> 1
B9: Lansing | C9: {=COUNTIFs( INDEX(Sustainings!$A:$Z, 0, MATCH(B9, Sustainings!$3:$3, 0)), FALSE,Sustainings!O:O,"Active" )+COUNTIFs('Status Board'!$D:$D,$B9,'Status Board'!$E:$E,"Set Apart")+COUNTIFs('Status Board'!$D:$D,$B9,'Status Board'!$E:$E,"Ordaining")+COUNTIFs('Status Board'!$D:$D,$B9,'Status Board'!$E:$E,"Training")} -> 4 | E9: Beam | F9: =countifs('Status Board'!F:F,$E9,'Status Board'!E:E,"<>" & "Training")+countifs('Status Board'!G:G,$E9,'Status Board'!E:E,"Training") -> 0
B10: Portland | C10: {=COUNTIFs( INDEX(Sustainings!$A:$Z, 0, MATCH(B10, Sustainings!$3:$3, 0)), FALSE,Sustainings!O:O,"Active" )+COUNTIFs('Status Board'!$D:$D,$B10,'Status Board'!$E:$E,"Set Apart")+COUNTIFs('Status Board'!$D:$D,$B10,'Status Board'!$E:$E,"Ordaining")+COUNTIFs('Status Board'!$D:$D,$B10,'Status Board'!$E:$E,"Training")} -> 3 | E10: Bills | F10: =countifs('Status Board'!F:F,$E10,'Status Board'!E:E,"<>" & "Training")+countifs('Status Board'!G:G,$E10,'Status Board'!E:E,"Training") -> 0
B11: Owosso | C11: {=COUNTIFs( INDEX(Sustainings!$A:$Z, 0, MATCH(B11, Sustainings!$3:$3, 0)), FALSE,Sustainings!O:O,"Active" )+COUNTIFs('Status Board'!$D:$D,$B11,'Status Board'!$E:$E,"Set Apart")+COUNTIFs('Status Board'!$D:$D,$B11,'Status Board'!$E:$E,"Ordaining")+COUNTIFs('Status Board'!$D:$D,$B11,'Status Board'!$E:$E,"Training")} -> 0 | E11: Conn | F11: =countifs('Status Board'!F:F,$E11,'Status Board'!E:E,"<>" & "Training")+countifs('Status Board'!G:G,$E11,'Status Board'!E:E,"Training") -> 1
B12: St Johns | C12: {=COUNTIFs( INDEX(Sustainings!$A:$Z, 0, MATCH(B12, Sustainings!$3:$3, 0)), FALSE,Sustainings!O:O,"Active" )+COUNTIFs('Status Board'!$D:$D,$B12,'Status Board'!$E:$E,"Set Apart")+COUNTIFs('Status Board'!$D:$D,$B12,'Status Board'!$E:$E,"Ordaining")+COUNTIFs('Status Board'!$D:$D,$B12,'Status Board'!$E:$E,"Training")} -> 0 | E12: Doty | F12: =countifs('Status Board'!F:F,$E12,'Status Board'!E:E,"<>" & "Training")+countifs('Status Board'!G:G,$E12,'Status Board'!E:E,"Training") -> 1
B13: Williamston | C13: {=COUNTIFs( INDEX(Sustainings!$A:$Z, 0, MATCH(B13, Sustainings!$3:$3, 0)), FALSE,Sustainings!O:O,"Active" )+COUNTIFs('Status Board'!$D:$D,$B13,'Status Board'!$E:$E,"Set Apart")+COUNTIFs('Status Board'!$D:$D,$B13,'Status Board'!$E:$E,"Ordaining")+COUNTIFs('Status Board'!$D:$D,$B13,'Status Board'!$E:$E,"Training")} -> 1 | E13: Joseph | F13: =countifs('Status Board'!F:F,$E13,'Status Board'!E:E,"<>" & "Training")+countifs('Status Board'!G:G,$E13,'Status Board'!E:E,"Training") -> 0
B14: YSA | C14: {=COUNTIFs( INDEX(Sustainings!$A:$Z, 0, MATCH(B14, Sustainings!$3:$3, 0)), FALSE,Sustainings!O:O,"Active" )+COUNTIFs('Status Board'!$D:$D,$B14,'Status Board'!$E:$E,"Set Apart")+COUNTIFs('Status Board'!$D:$D,$B14,'Status Board'!$E:$E,"Ordaining")+COUNTIFs('Status Board'!$D:$D,$B14,'Status Board'!$E:$E,"Training")} -> 0 | E14: McCrary | F14: =countifs('Status Board'!F:F,$E14,'Status Board'!E:E,"<>" & "Training")+countifs('Status Board'!G:G,$E14,'Status Board'!E:E,"Training") -> 0
E15: Murdock | F15: =countifs('Status Board'!F:F,$E15,'Status Board'!E:E,"<>" & "Training")+countifs('Status Board'!G:G,$E15,'Status Board'!E:E,"Training") -> 0
B16: Mobile Friendly Version | E16: Nelson | F16: =countifs('Status Board'!F:F,$E16,'Status Board'!E:E,"<>" & "Training")+countifs('Status Board'!G:G,$E16,'Status Board'!E:E,"Training") -> 3
E17: Schafer | F17: =countifs('Status Board'!F:F,$E17,'Status Board'!E:E,"<>" & "Training")+countifs('Status Board'!G:G,$E17,'Status Board'!E:E,"Training") -> 0
E18: B. Thorpe | F18: =countifs('Status Board'!F:F,$E18,'Status Board'!E:E,"<>" & "Training")+countifs('Status Board'!G:G,$E18,'Status Board'!E:E,"Training") -> 2
E19: D. Thorpe | F19: =countifs('Status Board'!F:F,$E19,'Status Board'!E:E,"<>" & "Training")+countifs('Status Board'!G:G,$E19,'Status Board'!E:E,"Training") -> 1
E20: Ward | F20: =countifs('Status Board'!F:F,$E20,'Status Board'!E:E,"<>" & "Training")+countifs('Status Board'!G:G,$E20,'Status Board'!E:E,"Training") -> 0
E21: Leifson | F21: =countifs('Status Board'!F:F,$E21,'Status Board'!E:E,"<>" & "Training")+countifs('Status Board'!G:G,$E21,'Status Board'!E:E,"Training") -> 0
E22: Hilgendorf | F22: =countifs('Status Board'!F:F,$E22,'Status Board'!E:E,"<>" & "Training")+countifs('Status Board'!G:G,$E22,'Status Board'!E:E,"Training") -> 1
E23: Status Board

Sheet Sustainings
A1: Unit Sustainings & Releases
A2: Link to Mobile Version
A3: Individual | B3: Unit | C3: Action | D3: Calling / Office | E3: Charlotte | F3: YSA | G3: Holt | H3: Jackson | I3: Lansing | J3: Owosso | K3: Portland | L3: St Johns | M3: Williamston | N3: Percent | O3: Status | P3: Stake Conf Sustain Date
A4: Brit Quarnberg Fathi | B4: Holt | C4: Release & Thank | D4: Stake Relief Society 2nd Counselor | E4: TRUE | F4: TRUE | G4: TRUE | H4: TRUE | I4: TRUE | J4: TRUE | K4: TRUE | L4: TRUE | M4: TRUE | N4: 1 | O4: Complete | P4: 45170
A5: Holly Hickman | B5: Lansing | C5: Sustain | D5: Stake Relief Society 2nd Counselor | E5: TRUE | F5: TRUE | G5: TRUE | H5: TRUE | I5: TRUE | J5: TRUE | K5: TRUE | L5: TRUE | M5: TRUE | N5: 1 | O5: Complete | P5: 45170
A6: Dawn Meadows | B6: Williamston | C6: Sustain | D6: Assistant Just Serve Coordinator | E6: TRUE | F6: TRUE | G6: TRUE | H6: TRUE | I6: TRUE | J6: TRUE | K6: TRUE | L6: TRUE | M6: TRUE | N6: 1 | O6: Complete | P6: 45170
A7: Eric Hunter | B7: Williamston | C7: Release & Thank | D7: Stake High Councilor and Stake Young Men President | E7: TRUE | F7: TRUE | G7: TRUE | H7: TRUE | I7: TRUE | J7: TRUE | K7: TRUE | L7: TRUE | M7: TRUE | N7: 1 | O7: Complete | P7: 45170
A8: Curtis Ferrin | B8: Lansing | C8: Sustain | D8: Stake High Councilor and Stake Young Men President | E8: TRUE | F8: TRUE | G8: TRUE | H8: TRUE | I8: TRUE | J8: TRUE | K8: TRUE | L8: TRUE | M8: TRUE | N8: 1 | O8: Complete | P8: 45170
A9: Brooke Judd | B9: Charlotte | C9: Release & Thank | D9: Stake Communication Director | E9: TRUE | F9: TRUE | G9: TRUE | H9: TRUE | I9: TRUE | J9: TRUE | K9: TRUE | L9: TRUE | M9: TRUE | N9: 1 | O9: Complete | P9: 45170
A10: Stephanie Farero | B10: Holt | C10: Sustain | D10: Stake Communication Director | E10: TRUE | F10: TRUE | G10: TRUE | H10: TRUE | I10: TRUE | J10: TRUE | K10: TRUE | L10: TRUE | M10: TRUE | N10: 1 | O10: Complete | P10: 45170
A11: Don & Nancy Ward | B11: Williamston | C11: Sustain | D11: Stake Clothing Distribution Specialists | E11: TRUE | F11: TRUE | G11: TRUE | H11: TRUE | I11: TRUE | J11: TRUE | K11: TRUE | L11: TRUE | M11: TRUE | N11: 1 | O11: Complete | P11: 45170
A12: Victoria Hall | B12: Williamston | C12: Sustain | D12: Stake YW 2nd Counselor | E12: TRUE | F12: TRUE | G12: TRUE | H12: TRUE | I12: TRUE | J12: TRUE | K12: TRUE | L12: TRUE | M12: TRUE | N12: 1 | O12: Complete | P12: 45170
A13: Brandon Howard | B13: Lansing | C13: Sustain | D13: Stake YM Secretary | E13: TRUE | F13: TRUE | G13: TRUE | H13: TRUE | I13: TRUE | J13: TRUE | K13: TRUE | L13: TRUE | M13: TRUE | N13: 1 | O13: Complete | P13: 45170
A14: Laura Hunter | B14: Williamston | C14: Release & Thank | D14: Stake Primary 2nd Counselor | E14: TRUE | F14: TRUE | G14: TRUE | H14: TRUE | I14: TRUE | J14: TRUE | K14: TRUE | L14: TRUE | M14: TRUE | N14: 1 | O14: Complete | P14: 45170
A15: Cheryl Kelly | B15: Williamston | C15: Sustain | D15: Stake Primary 2nd Counselor | E15: TRUE | F15: TRUE | G15: TRUE | H15: TRUE | I15: TRUE | J15: TRUE | K15: TRUE | L15: TRUE | M15: TRUE | N15: 1 | O15: Complete | P15: 45170
... A31: Nate Jones | B31: St Johns | C31: Sustain | D31: Stake For the Strength of Youth Rep | E31: TRUE | F31: TRUE | G31: TRUE | H31: TRUE | I31: TRUE | J31: TRUE | K31: TRUE | L31: TRUE | M31: TRUE | N31: 1 | O31: Complete | P31: 45352
A32: Allen Scheck | B32: Williamston | C32: Release & Thank | D32: Stake Executive Secretary | E32: TRUE | F32: TRUE | G32: TRUE | H32: TRUE | I32: TRUE | J32: TRUE | K32: TRUE | L32: TRUE | M32: TRUE | N32: =IF(A32="","",COUNTIF(E32:M32,TRUE)/COUNTA(E32:M32)) -> 1 | O32: Complete | P32: 45536
A33: Chris Hilgendorf | B33: Williamston | C33: Sustain | D33: Stake Executive Secretary | E33: TRUE | F33: TRUE | G33: TRUE | H33: TRUE | I33: TRUE | J33: TRUE | K33: TRUE | L33: TRUE | M33: TRUE | N33: =IF(A33="","",COUNTIF(E33:M33,TRUE)/COUNTA(E33:M33)) -> 1 | O33: Complete | P33: 45536
A34: Elliott Renin Earl | B34: St Johns | C34: Sustain | D34: Elder | L34: TRUE | N34: =If(A34="","",COUNTIF(E34:M34,TRUE)/COUNTA(E34:M34)) -> 1 | O34: Complete | P34: 45536
A35: Mark Bell | B35: Holt | C35: Sustain | D35: High Priest | G35: TRUE | N35: =If(A35="","",COUNTIF(E35:M35,TRUE)/COUNTA(E35:M35)) -> 1 | O35: Complete | P35: 45536
A36: Nick Warren | B36: Lansing | C36: Release & Thank | D36: Stake High Councilor | E36: TRUE | F36: TRUE | G36: TRUE | H36: TRUE | I36: TRUE | J36: TRUE | K36: TRUE | L36: TRUE | M36: TRUE | N36: =If(A36="","",COUNTIF(E36:M36,TRUE)/COUNTA(E36:M36)) -> 1 | O36: Complete | P36: 45536
A37: Ken Bills | B37: Williamston | C37: Sustain | D37: Stake High Councilor | E37: TRUE | F37: TRUE | G37: TRUE | H37: TRUE | I37: TRUE | J37: TRUE | K37: TRUE | L37: TRUE | M37: TRUE | N37: =If(A36="","",COUNTIF(E36:M36,TRUE)/COUNTA(E36:M36)) -> 1 | O37: Complete | P37: 45536
A38: Ian McCrary | B38: Lansing | C38: Sustain | D38: Stake High Councilor | E38: TRUE | F38: TRUE | G38: TRUE | H38: TRUE | I38: TRUE | J38: TRUE | K38: TRUE | L38: TRUE | M38: TRUE | N38: =If(A37="","",COUNTIF(E37:M37,TRUE)/COUNTA(E37:M37)) -> 1 | O38: Complete | P38: 45536
A39: Doug Neil | B39: Williamston | C39: Release & Thank | D39: Asst. Stake Clerk - Finance | E39: TRUE | F39: TRUE | G39: TRUE | H39: TRUE | I39: TRUE | J39: TRUE | K39: TRUE | L39: TRUE | M39: TRUE | N39: =If(A39="","",COUNTIF(E39:M39,TRUE)/COUNTA(E39:M39)) -> 1 | O39: Complete | P39: 45536
A40: Don Ward | B40: Williamston | C40: Sustain | D40: Asst. Stake Clerk - Finance | E40: TRUE | F40: TRUE | G40: TRUE | H40: TRUE | I40: TRUE | J40: TRUE | K40: TRUE | L40: TRUE | M40: TRUE | N40: =If(A39="","",COUNTIF(E39:M39,TRUE)/COUNTA(E39:M39)) -> 1 | O40: Complete | P40: 45536
A41: Landon Bartlett | B41: Williamston | C41: Release & Thank | D41: Stake High Councilor - YM 2nd Counselor | E41: TRUE | F41: TRUE | G41: TRUE | H41: TRUE | I41: TRUE | J41: TRUE | K41: TRUE | L41: TRUE | M41: TRUE | N41: =If(A41="","",COUNTIF(E41:M41,TRUE)/COUNTA(E41:M41)) -> 1 | O41: Complete | P41: 45536
A42: Mark Bell | B42: Holt | C42: Sustain | D42: Stake High Councilor - YM 2nd Counselor | E42: TRUE | F42: TRUE | G42: TRUE | H42: TRUE | I42: TRUE | J42: TRUE | K42: TRUE | L42: TRUE | M42: TRUE | N42: =If(A41="","",COUNTIF(E41:M41,TRUE)/COUNTA(E41:M41)) -> 1 | O42: Complete | P42: 45536
A43: Calvin Vos | B43: YSA | C43: Release & Thank | D43: Stake Assistant executive security | E43: TRUE | F43: TRUE | G43: TRUE | H43: TRUE | I43: TRUE | J43: TRUE | K43: TRUE | L43: TRUE | M43: TRUE | N43: =If(A43="","",COUNTIF(E43:M43,TRUE)/COUNTA(E43:M43)) -> 1 | O43: Complete | P43: 45536
A44: David Hall | B44: Williamston | C44: Release & Thank | D44: Stake High Council | E44: TRUE | F44: TRUE | G44: TRUE | H44: TRUE | I44: TRUE | J44: TRUE | K44: TRUE | L44: TRUE | M44: TRUE | N44: =If(A44="","",COUNTIF(E44:M44,TRUE)/COUNTA(E44:M44)) -> 1 | O44: Complete | P44: 45536
A45: Tom and Stephanie Smith | B45: St Johns | C45: Release & Thank | D45: Stake Single Adult Advisers | E45: TRUE | F45: TRUE | G45: TRUE | H45: TRUE | I45: TRUE | J45: TRUE | K45: TRUE | L45: TRUE | M45: TRUE | N45: =If(A45="","",COUNTIF(E45:M45,TRUE)/COUNTA(E45:M45)) -> 1 | O45: Complete | P45: 45536
A46: David Hall | B46: Williamston | C46: Sustain | D46: Stake YM Specialist | E46: TRUE | F46: TRUE | G46: TRUE | H46: TRUE | I46: TRUE | J46: TRUE | K46: TRUE | L46: TRUE | M46: TRUE | N46: =If(A46="","",COUNTIF(E46:M46,TRUE)/COUNTA(E46:M46)) -> 1 | O46: Complete | P46: 45536
A47: Barry Godwin | B47: Williamston | C47: Sustain | D47: Stake Single Adult Representative | E47: TRUE | F47: TRUE | G47: TRUE | H47: TRUE | I47: TRUE | J47: TRUE | K47: TRUE | L47: TRUE | M47: TRUE | N47: =If(A47="","",COUNTIF(E47:M47,TRUE)/COUNTA(E47:M47)) -> 1 | O47: Complete | P47: 45536
A48: Conan Heiselt | B48: Holt | C48: Sustain | D48: Stake Technology Specialist | E48: TRUE | F48: TRUE | G48: TRUE | H48: TRUE | I48: TRUE | J48: TRUE | K48: TRUE | L48: TRUE | M48: TRUE | N48: =If(A48="","",COUNTIF(E48:M48,TRUE)/COUNTA(E48:M48)) -> 1 | O48: Complete | P48: 45536
A49: Noah Wood | B49: Jackson | C49: Sustain | D49: Elder | H49: TRUE | N49: =If(A49="","",COUNTIF(E49:M49,TRUE)/COUNTA(E49:M49)) -> 1 | O49: Complete | P49: 45536
A50: Travis Sybrowsky | B50: Portland | C50: Sustain | D50: Stake Seminary Teacher | E50: TRUE | F50: TRUE | G50: TRUE | H50: TRUE | I50: TRUE | J50: TRUE | K50: TRUE | L50: TRUE | M50: TRUE | N50: =If(A50="","",COUNTIF(E50:M50,TRUE)/COUNTA(E50:M50)) -> 1 | O50: Complete | P50: 45536
A51: Sue Zimmerlee | B51: Holt | C51: Sustain | D51: Stake Temple and Family History Consultant | E51: TRUE | F51: TRUE | G51: TRUE | H51: TRUE | I51: TRUE | J51: TRUE | K51: TRUE | L51: TRUE | M51: TRUE | N51: =If(A51="","",COUNTIF(E51:M51,TRUE)/COUNTA(E51:M51)) -> 1 | O51: Complete | P51: 45717
A52: Brit Fathi | B52: Holt | C52: Sustain | D52: Stake Temple and Family History Consultant | E52: TRUE | F52: TRUE | G52: TRUE | H52: TRUE | I52: TRUE | J52: TRUE | K52: TRUE | L52: TRUE | M52: TRUE | N52: =If(A52="","",COUNTIF(E52:M52,TRUE)/COUNTA(E52:M52)) -> 1 | O52: Complete | P52: 45717
A53: Maggie Gamble | B53: Williamston | C53: Sustain | D53: Stake JustServe Assistant Coordinator | E53: TRUE | F53: TRUE | G53: TRUE | H53: TRUE | I53: TRUE | J53: TRUE | K53: TRUE | L53: TRUE | M53: TRUE | N53: =If(A53="","",COUNTIF(E53:M53,TRUE)/COUNTA(E53:M53)) -> 1 | O53: Complete | P53: 45717
A54: Stephanie Prosser | B54: Holt | C54: Release & Thank | D54: Stake YW Assistant Camp Director | E54: TRUE | F54: TRUE | G54: TRUE | H54: TRUE | I54: TRUE | J54: TRUE | K54: TRUE | L54: TRUE | M54: TRUE | N54: =If(A54="","",COUNTIF(E54:M54,TRUE)/COUNTA(E54:M54)) -> 1 | O54: Complete | P54: 45717
A55: Whitney Kirkham | B55: St Johns | C55: Sustain | D55: Stake Young Women Assistant Camp Director | E55: TRUE | F55: TRUE | G55: TRUE | H55: TRUE | I55: TRUE | J55: TRUE | K55: TRUE | L55: TRUE | M55: TRUE | N55: =If(A55="","",COUNTIF(E55:M55,TRUE)/COUNTA(E55:M55)) -> 1 | O55: Complete | P55: 45717
A56: David Knighton | B56: Holt | C56: Release & Thank | D56: Assistant Stake Clerk | E56: TRUE | F56: TRUE | G56: TRUE | H56: TRUE | I56: TRUE | J56: TRUE | K56: TRUE | L56: TRUE | M56: TRUE | N56: =If(A56="","",COUNTIF(E56:M56,TRUE)/COUNTA(E56:M56)) -> 1 | O56: Complete | P56: 45717
A57: Barry Godwin | B57: Williamston | C57: Release & Thank | D57: Stake Single Adult Representative | E57: TRUE | F57: TRUE | G57: TRUE | H57: TRUE | I57: TRUE | J57: TRUE | K57: TRUE | L57: TRUE | M57: TRUE | N57: =If(A57="","",COUNTIF(E57:M57,TRUE)/COUNTA(E57:M57)) -> 1 | O57: Complete | P57: 45717
A58: Angie Brantley | B58: Jackson | C58: Release & Thank | D58: Stake Welfare and Self-Reliance Specialist | E58: TRUE | F58: TRUE | G58: TRUE | H58: TRUE | I58: TRUE | J58: TRUE | K58: TRUE | L58: TRUE | M58: TRUE | N58: =If(A58="","",COUNTIF(E58:M58,TRUE)/COUNTA(E58:M58)) -> 1 | O58: Complete | P58: 45717
A59: Mark and Susan Joseph | B59: St Johns | C59: Sustain | D59: Stake Welfare and Self Reliance Specialists | E59: TRUE | F59: TRUE | G59: TRUE | H59: TRUE | I59: TRUE | J59: TRUE | K59: TRUE | L59: TRUE | M59: TRUE | N59: =If(A59="","",COUNTIF(E59:M59,TRUE)/COUNTA(E59:M59)) -> 1 | O59: Complete | P59: 45717
A60: Jesse Ward | B60: Portland | C60: Sustain | D60: Elder | K60: TRUE | N60: =If(A60="","",COUNTIF(E60:M60,TRUE)/COUNTA(E60:M60)) -> 1 | O60: Complete | P60: 45717
A61: Rusty Joseph King | B61: Jackson | C61: Sustain | D61: Elder | H61: TRUE | N61: =If(A61="","",COUNTIF(E61:M61,TRUE)/COUNTA(E61:M61)) -> 1 | O61: Complete | P61: 45717
A62: Elizabeth Shawl | B62: Williamston | C62: Release & Thank | D62: Stake Disability Specilist | E62: TRUE | F62: TRUE | G62: TRUE | H62: TRUE | I62: TRUE | J62: TRUE | K62: TRUE | L62: TRUE | M62: TRUE | N62: =If(A62="","",COUNTIF(E62:M62,TRUE)/COUNTA(E62:M62)) -> 1 | O62: Complete
A63: Marjorie Knighton | B63: Holt | C63: Release & Thank | D63: Stake Primary President | E63: TRUE | F63: TRUE | G63: TRUE | H63: TRUE | I63: TRUE | J63: TRUE | K63: TRUE | L63: TRUE | M63: TRUE | N63: =If(A63="","",COUNTIF(E63:M63,TRUE)/COUNTA(E63:M63)) -> 1 | O63: Complete
A64: Debra Bingham | B64: Portland | C64: Release & Thank | D64: Stake Primary 1st Counselor | E64: TRUE | F64: TRUE | G64: TRUE | H64: TRUE | I64: TRUE | J64: TRUE | K64: TRUE | L64: TRUE | M64: TRUE | N64: =If(A64="","",COUNTIF(E64:M64,TRUE)/COUNTA(E64:M64)) -> 1 | O64: Complete
A65: Cheryl Kelley | B65: Williamston | C65: Release & Thank | D65: Stake Primary 2nd Counselor | E65: TRUE | F65: TRUE | G65: TRUE | H65: TRUE | I65: TRUE | J65: TRUE | K65: TRUE | L65: TRUE | M65: TRUE | N65: =If(A65="","",COUNTIF(E65:M65,TRUE)/COUNTA(E65:M65)) -> 1 | O65: Complete
A66: Karen Fitch | B66: Williamston | C66: Release & Thank | D66: Stake Primary Secretary | E66: TRUE | F66: TRUE | G66: TRUE | H66: TRUE | I66: TRUE | J66: TRUE | K66: TRUE | L66: TRUE | M66: TRUE | N66: =If(A66="","",COUNTIF(E66:M66,TRUE)/COUNTA(E66:M66)) -> 1 | O66: Complete
A67: Keeley Condie | B67: Holt | C67: Sustain | D67: Stake Primary President | E67: TRUE | F67: TRUE | G67: TRUE | H67: TRUE | I67: TRUE | J67: TRUE | K67: TRUE | L67: TRUE | M67: TRUE | N67: =If(A64="","",COUNTIF(E64:M64,TRUE)/COUNTA(E64:M64)) -> 1 | O67: Complete
A68: Sarah Stradley | B68: Owosso | C68: Sustain | D68: Stake Primary 1st Counselor | E68: TRUE | F68: TRUE | G68: TRUE | H68: TRUE | I68: TRUE | J68: TRUE | K68: TRUE | L68: TRUE | M68: TRUE | N68: =If(A70="","",COUNTIF(E70:M70,TRUE)/COUNTA(E70:M70)) -> 1 | O68: Complete
A69: Bailey Douglas | B69: YSA | C69: Sustain | D69: Stake Primary 2nd Counselor | E69: TRUE | F69: TRUE | G69: TRUE | H69: TRUE | I69: TRUE | J69: TRUE | K69: TRUE | L69: TRUE | M69: TRUE | N69: =If(A67="","",COUNTIF(E67:M67,TRUE)/COUNTA(E67:M67)) -> 1 | O69: Complete
A70: Angie Brantley | B70: Jackson | C70: Sustain | D70: Stake Primary Secretary | E70: TRUE | F70: TRUE | G70: TRUE | H70: TRUE | I70: TRUE | J70: TRUE | K70: TRUE | L70: TRUE | M70: TRUE | N70: =If(A69="","",COUNTIF(E69:M69,TRUE)/COUNTA(E69:M69)) -> 1 | O70: Complete
A71: George Owen | B71: Williamston | C71: Release & Thank | D71: Stake Clerk | E71: TRUE | F71: TRUE | G71: TRUE | H71: TRUE | I71: TRUE | J71: TRUE | K71: TRUE | L71: TRUE | M71: TRUE | N71: =If(A71="","",COUNTIF(E71:M71,TRUE)/COUNTA(E71:M71)) -> 1 | O71: Complete
A72: Kirk Leifson | B72: Williamston | C72: Sustain | D72: Stake Clerk | E72: TRUE | F72: TRUE | G72: TRUE | H72: TRUE | I72: TRUE | J72: TRUE | K72: TRUE | L72: TRUE | M72: TRUE | N72: =If(A71="","",COUNTIF(E71:M71,TRUE)/COUNTA(E71:M71)) -> 1 | O72: Complete
A73: Scarlett Sybrowsky | B73: Portland | C73: Release & Thank | D73: Stake JustServe Coordinator | E73: TRUE | F73: TRUE | G73: TRUE | H73: FALSE | I73: TRUE | J73: TRUE | K73: TRUE | L73: TRUE | M73: TRUE | N73: =If(A73="","",COUNTIF(E73:M73,TRUE)/COUNTA(E73:M73)) -> 0.88888889 | O73: Complete
A74: Sandra Reed | B74: Lansing | C74: Release & Thank | D74: Stake Food Delivery Coordinator | E74: TRUE | F74: TRUE | G74: TRUE | H74: FALSE | I74: TRUE | J74: TRUE | K74: TRUE | L74: TRUE | M74: TRUE | N74: =If(A74="","",COUNTIF(E74:M74,TRUE)/COUNTA(E74:M74)) -> 0.88888889 | O74: Complete
A75: Ernest Rivers | B75: Owosso | C75: Release & Thank | D75: Stake High Councilor | E75: TRUE | F75: TRUE | G75: TRUE | H75: TRUE | I75: TRUE | J75: TRUE | K75: TRUE | L75: TRUE | M75: TRUE | N75: =If(A75="","",COUNTIF(E75:M75,TRUE)/COUNTA(E75:M75)) -> 1 | O75: Complete
A76: Maggie Gambill | B76: Williamston | C76: Sustain | D76: Stake JustServe Coordinator | E76: TRUE | F76: TRUE | G76: TRUE | H76: TRUE | I76: TRUE | J76: TRUE | K76: TRUE | L76: TRUE | M76: TRUE | N76: =If(A73="","",COUNTIF(E73:M73,TRUE)/COUNTA(E73:M73)) -> 0.88888889 | O76: Complete
A77: Cheryl Smith | B77: Williamston | C77: Sustain | D77: Stake Food Delivery Coordinator | E77: TRUE | F77: TRUE | G77: TRUE | H77: FALSE | I77: TRUE | J77: TRUE | K77: TRUE | L77: TRUE | M77: TRUE | N77: =If(A74="","",COUNTIF(E74:M74,TRUE)/COUNTA(E74:M74)) -> 0.88888889 | O77: Complete
A78: James Lewis | B78: Jackson | C78: Sustain | D78: Prison Ministry Leader | E78: TRUE | F78: FALSE | G78: TRUE | H78: TRUE | I78: TRUE | J78: TRUE | K78: TRUE | L78: TRUE | M78: TRUE | N78: =If(A78="","",COUNTIF(E78:M78,TRUE)/COUNTA(E78:M78)) -> 0.88888889 | O78: Complete
A79: Thomas Erekson | B79: Jackson | C79: Sustain | D79: Prison Ministry Leader | E79: TRUE | F79: FALSE | G79: TRUE | H79: TRUE | I79: TRUE | J79: TRUE | K79: TRUE | L79: TRUE | M79: TRUE | N79: =If(A79="","",COUNTIF(E79:M79,TRUE)/COUNTA(E79:M79)) -> 0.88888889 | O79: Complete
A80: Chris Schafer | B80: Lansing | C80: Sustain | D80: Assistant Ward Clerk - Membership | I80: TRUE | N80: =If(A80="","",COUNTIF(E80:M80,TRUE)/COUNTA(E80:M80)) -> 1 | O80: Complete
A81: Scot Moncur | B81: Owosso | C81: Release & Thank | D81: Asst Ward Clerk, Membership | J81: TRUE | N81: =If(A81="","",COUNTIF(E81:M81,TRUE)/COUNTA(E81:M81)) -> 1 | O81: Complete
A82: John Foltz | B82: Owosso | C82: Sustain | D82: Asst Ward Clerk, Membership | J82: TRUE | N82: =If(A81="","",COUNTIF(E81:M81,TRUE)/COUNTA(E81:M81)) -> 1 | O82: Complete
A83: Donald Ward | B83: Williamston | C83: Sustain | D83: Stake High Councilor & Stake Sunday School President | E83: TRUE | F83: TRUE | G83: TRUE | H83: TRUE | I83: TRUE | J83: TRUE | K83: TRUE | L83: TRUE | M83: TRUE | N83: =If(A75="","",COUNTIF(E75:M75,TRUE)/COUNTA(E75:M75)) -> 1 | O83: Complete
A84: Samuel Casellas | B84: YSA | C84: Sustain | D84: Stake YM Secretary | E84: TRUE | F84: TRUE | G84: TRUE | H84: TRUE | I84: TRUE | J84: TRUE | K84: TRUE | L84: TRUE | M84: TRUE | N84: =If(A84="","",COUNTIF(E84:M84,TRUE)/COUNTA(E84:M84)) -> 1 | O84: Complete
A85: Julie Nye | B85: St Johns | C85: Release & Thank | D85: Seminary Teacher | E85: TRUE | F85: TRUE | G85: TRUE | H85: TRUE | I85: TRUE | J85: TRUE | K85: TRUE | L85: TRUE | M85: TRUE | N85: =If(A85="","",COUNTIF(E85:M85,TRUE)/COUNTA(E85:M85)) -> 1 | O85: Complete
A86: Don Solomon | B86: St Johns | C86: Sustain | D86: Seminary Teacher | E86: TRUE | F86: TRUE | G86: TRUE | H86: TRUE | I86: TRUE | J86: TRUE | K86: TRUE | L86: TRUE | M86: TRUE | N86: =If(A86="","",COUNTIF(E86:M86,TRUE)/COUNTA(E86:M86)) -> 1 | O86: Complete
A87: Renee Solomon | B87: St Johns | C87: Sustain | D87: Seminary Teacher | E87: TRUE | F87: TRUE | G87: TRUE | H87: TRUE | I87: TRUE | J87: TRUE | K87: TRUE | L87: TRUE | M87: TRUE | N87: =If(A85="","",COUNTIF(E85:M85,TRUE)/COUNTA(E85:M85)) -> 1 | O87: Complete
A88: Derek Thorpe | B88: Williamston | C88: Sustain | D88: Stake High Councilor | E88: TRUE | F88: TRUE | G88: TRUE | H88: TRUE | I88: TRUE | J88: TRUE | K88: TRUE | L88: TRUE | M88: TRUE | N88: =If(A88="","",COUNTIF(E88:M88,TRUE)/COUNTA(E88:M88)) -> 1 | O88: Complete
A89: Derek Thorpe | B89: Williamston | C89: Release & Thank | D89: Elders Quorum President | M89: TRUE | N89: =If(A89="","",COUNTIF(E89:M89,TRUE)/COUNTA(E89:M89)) -> 1 | O89: Complete
A90: Rocky Shepard | B90: Williamston | C90: Release & Thank | D90: EQ 1st Counselor | M90: TRUE | N90: =If(A90="","",COUNTIF(E90:M90,TRUE)/COUNTA(E90:M90)) -> 1 | O90: Complete
A91: Landon Bartlett | B91: Williamston | C91: Release & Thank | D91: EQ 2nd Counselor | M91: TRUE | N91: =If(A91="","",COUNTIF(E91:M91,TRUE)/COUNTA(E91:M91)) -> 1 | O91: Complete
A92: David Quarnberg | B92: Williamston | C92: Sustain | D92: Elders Quorum President | M92: TRUE | N92: =If(A89="","",COUNTIF(E89:M89,TRUE)/COUNTA(E89:M89)) -> 1 | O92: Complete
A93: Harrison McKnight | B93: Williamston | C93: Sustain | D93: EQ 1st Counselor | M93: TRUE | N93: =If(A90="","",COUNTIF(E90:M90,TRUE)/COUNTA(E90:M90)) -> 1 | O93: Complete
A94: Dustin Horlacher | B94: Williamston | C94: Sustain | D94: EQ 2nd Counselor | M94: TRUE | N94: =If(A91="","",COUNTIF(E91:M91,TRUE)/COUNTA(E91:M91)) -> 1 | O94: Complete
A95: George & Colleen Owen | B95: Williamston | C95: Release & Thank | D95: Seminary Teacher | E95: TRUE | F95: TRUE | G95: TRUE | H95: TRUE | I95: TRUE | J95: TRUE | K95: TRUE | L95: TRUE | M95: TRUE | N95: =If(A95="","",COUNTIF(E95:M95,TRUE)/COUNTA(E95:M95)) -> 1 | O95: Complete
A96: Trinette Bartlett | B96: Williamston | C96: Sustain | D96: Seminary Teacher | E96: TRUE | F96: TRUE | G96: TRUE | H96: TRUE | I96: TRUE | J96: TRUE | K96: TRUE | L96: TRUE | M96: TRUE | N96: =If(A95="","",COUNTIF(E95:M95,TRUE)/COUNTA(E95:M95)) -> 1 | O96: Complete
A97: Mayte Archer | B97: St Johns | C97: Release & Thank | D97: Stake Seminary Teacher | E97: TRUE | F97: TRUE | G97: TRUE | H97: TRUE | I97: TRUE | J97: TRUE | K97: TRUE | L97: TRUE | M97: TRUE | N97: =If(A97="","",COUNTIF(E97:M97,TRUE)/COUNTA(E97:M97)) -> 1 | O97: Complete
A98: Travis Archer | B98: St Johns | C98: Release & Thank | D98: Stake Seminary Teacher | E98: TRUE | F98: TRUE | G98: TRUE | H98: TRUE | I98: TRUE | J98: TRUE | K98: TRUE | L98: TRUE | M98: TRUE | N98: =If(A98="","",COUNTIF(E98:M98,TRUE)/COUNTA(E98:M98)) -> 1 | O98: Complete
A99: Don Swejkoski | B99: Holt | C99: Release & Thank | D99: Stake High Councilor | E99: TRUE | F99: TRUE | G99: TRUE | H99: TRUE | I99: TRUE | J99: TRUE | K99: TRUE | L99: TRUE | M99: TRUE | N99: =If(A99="","",COUNTIF(E99:M99,TRUE)/COUNTA(E99:M99)) -> 1 | O99: Complete
A100: Sarah Stradley | B100: Owosso | C100: Sustain | D100: Stake Seminary Teacher | E100: TRUE | F100: TRUE | G100: TRUE | H100: TRUE | I100: TRUE | J100: TRUE | K100: TRUE | L100: TRUE | M100: TRUE | N100: =If(A97="","",COUNTIF(E97:M97,TRUE)/COUNTA(E97:M97)) -> 1 | O100: Complete
A101: Steven Stradley | B101: Owosso | C101: Sustain | D101: Stake Seminary Teacher | E101: TRUE | F101: TRUE | G101: TRUE | H101: TRUE | I101: TRUE | J101: TRUE | K101: TRUE | L101: TRUE | M101: TRUE | N101: =If(A98="","",COUNTIF(E98:M98,TRUE)/COUNTA(E98:M98)) -> 1 | O101: Complete
A102: Val Nelson | B102: Charlotte | C102: Sustain | D102: Stake High Councilor | E102: TRUE | F102: TRUE | G102: TRUE | H102: TRUE | I102: TRUE | J102: TRUE | K102: TRUE | L102: TRUE | M102: TRUE | N102: =If(A99="","",COUNTIF(E99:M99,TRUE)/COUNTA(E99:M99)) -> 1 | O102: Complete
A103: Nicholas Pomroy | B103: Owosso | C103: Sustain | D103: Elder | J103: TRUE | N103: =If(A103="","",COUNTIF(E103:M103,TRUE)/COUNTA(E103:M103)) -> 1 | O103: Complete
A104: David Quarnberg | B104: Williamston | C104: Release & Thank | D104: Assistant Ward Clerk - Finance | M104: TRUE | N104: =If(A104="","",COUNTIF(E104:M104,TRUE)/COUNTA(E104:M104)) -> 1 | O104: Complete
A105: Rocky Shepard | B105: Williamston | C105: Sustain | D105: Assistant Ward Clerk - Finance | M105: TRUE | N105: =If(A104="","",COUNTIF(E104:M104,TRUE)/COUNTA(E104:M104)) -> 1 | O105: Complete
A106: Nicholas Vernon Pomroy | B106: Owosso | C106: Sustain | D106: EQ 2nd Counselor | J106: TRUE | N106: =If(A106="","",COUNTIF(E106:M106,TRUE)/COUNTA(E106:M106)) -> 1 | O106: Complete
A107: Curtis Ferrin | B107: Lansing | C107: Release & Thank | D107: High Councilor & Stake YM President | E107: TRUE | F107: TRUE | G107: TRUE | H107: TRUE | I107: TRUE | J107: TRUE | K107: TRUE | L107: TRUE | M107: TRUE | N107: =If(A107="","",COUNTIF(E107:M107,TRUE)/COUNTA(E107:M107)) -> 1 | O107: Complete
A108: Don Solomon | B108: St Johns | C108: Release & Thank | D108: High Council & Stake YM 1st Counselor | E108: TRUE | F108: TRUE | G108: TRUE | H108: TRUE | I108: TRUE | J108: TRUE | K108: TRUE | L108: TRUE | M108: TRUE | N108: =If(A108="","",COUNTIF(E108:M108,TRUE)/COUNTA(E108:M108)) -> 1 | O108: Complete
A109: Jay Lewis | B109: Holt | C109: Release & Thank | D109: Stake High Councilor | E109: TRUE | F109: TRUE | G109: TRUE | H109: TRUE | I109: TRUE | J109: TRUE | K109: TRUE | L109: TRUE | M109: TRUE | N109: =If(A109="","",COUNTIF(E109:M109,TRUE)/COUNTA(E109:M109)) -> 1 | O109: Complete
A110: Dan Murdock | B110: YSA | C110: Sustain | D110: High Councilor & Stake YM President | E110: TRUE | F110: TRUE | G110: TRUE | H110: TRUE | I110: TRUE | J110: TRUE | K110: TRUE | L110: TRUE | M110: TRUE | N110: =If(A107="","",COUNTIF(E107:M107,TRUE)/COUNTA(E107:M107)) -> 1 | O110: Complete
A111: Christopher Schafer | B111: Lansing | C111: Sustain | D111: High Council & Stake YM 1st Counselor | E111: TRUE | F111: TRUE | G111: TRUE | H111: TRUE | I111: TRUE | J111: TRUE | K111: TRUE | L111: TRUE | M111: TRUE | N111: =If(A108="","",COUNTIF(E108:M108,TRUE)/COUNTA(E108:M108)) -> 1 | O111: Complete
A112: Mark Joseph | B112: St Johns | C112: Sustain | D112: Stake High Councilor | E112: TRUE | F112: TRUE | G112: TRUE | H112: TRUE | I112: TRUE | J112: TRUE | K112: TRUE | L112: TRUE | M112: TRUE | N112: =If(A109="","",COUNTIF(E109:M109,TRUE)/COUNTA(E109:M109)) -> 1 | O112: Complete
A113: Dallas Burdick | B113: St Johns | C113: Sustain | D113: High Priest | L113: TRUE | N113: =If(A113="","",COUNTIF(E113:M113,TRUE)/COUNTA(E113:M113)) -> 1 | O113: Complete
A114: Christopher Nye | B114: St Johns | C114: Sustain | D114: High Priest | L114: TRUE | N114: =If(A114="","",COUNTIF(E114:M114,TRUE)/COUNTA(E114:M114)) -> 1 | O114: Complete
A115: Matthew Pace | B115: St Johns | C115: Sustain | D115: High Priest | L115: TRUE | N115: =If(A115="","",COUNTIF(E115:M115,TRUE)/COUNTA(E115:M115)) -> 1 | O115: Complete
...

Sheet Status Board
A1: =IFERROR(__xludf.DUMMYFUNCTION("query(importrange(""https://docs.google.com/spreadsheets/d/1iwIN3yeKgD8IBtajkBMA_Eo__Y1LtWBlom7LvQwfxH4/"",""Status Board!A:I""),""Select Col1, Col2, Col3, Col4, Col5, Col7, Col8, Col9 Where Col1 <> '' and Col5 <> 'Sustain' Order By Col5, Col8, Col7"")"),"Type") -> Type | B1: =IFERROR(__xludf.DUMMYFUNCTION("""COMPUTED_VALUE"""),"Member Name") -> Member Name | C1: =IFERROR(__xludf.DUMMYFUNCTION("""COMPUTED_VALUE"""),"Calling") -> Calling | D1: =IFERROR(__xludf.DUMMYFUNCTION("""COMPUTED_VALUE"""),"Unit") -> Unit | E1: =IFERROR(__xludf.DUMMYFUNCTION("""COMPUTED_VALUE"""),"Current Step") -> Current Step | F1: =IFERROR(__xludf.DUMMYFUNCTION("""COMPUTED_VALUE"""),"Assigned to Extend Calling / Release") -> Assigned to Extend Calling / Release | G1: =IFERROR(__xludf.DUMMYFUNCTION("""COMPUTED_VALUE"""),"Assigned Trainer") -> Assigned Trainer | H1: =IFERROR(__xludf.DUMMYFUNCTION("""COMPUTED_VALUE"""),"Hyperlink") -> Hyperlink
A2: =IFERROR(__xludf.DUMMYFUNCTION("""COMPUTED_VALUE"""),"No Releasings") -> No Releasings | B2: =IFERROR(__xludf.DUMMYFUNCTION("""COMPUTED_VALUE""")," ") | C2: =IFERROR(__xludf.DUMMYFUNCTION("""COMPUTED_VALUE""")," ") | D2: =IFERROR(__xludf.DUMMYFUNCTION("""COMPUTED_VALUE""")," ") | E2: =IFERROR(__xludf.DUMMYFUNCTION("""COMPUTED_VALUE""")," ") | F2: =IFERROR(__xludf.DUMMYFUNCTION("""COMPUTED_VALUE""")," ") | G2: =IFERROR(__xludf.DUMMYFUNCTION("""COMPUTED_VALUE""")," ") | H2: =IFERROR(__xludf.DUMMYFUNCTION("""COMPUTED_VALUE""")," ")
A3: =IFERROR(__xludf.DUMMYFUNCTION("""COMPUTED_VALUE"""),"Callings") -> Callings | B3: =IFERROR(__xludf.DUMMYFUNCTION("""COMPUTED_VALUE"""),"Temple McCrary") -> Temple McCrary | C3: =IFERROR(__xludf.DUMMYFUNCTION("""COMPUTED_VALUE"""),"Stake Auditor") -> Stake Auditor | D3: =IFERROR(__xludf.DUMMYFUNCTION("""COMPUTED_VALUE"""),"Lansing") -> Lansing | E3: =IFERROR(__xludf.DUMMYFUNCTION("""COMPUTED_VALUE"""),"Call / Release") -> Call / Release | F3: =IFERROR(__xludf.DUMMYFUNCTION("""COMPUTED_VALUE"""),"Pierce") -> Pierce | H3: =IFERROR(__xludf.DUMMYFUNCTION("""COMPUTED_VALUE"""),"https://docs.google.com/forms/d/e/1FAIpQLSd37AKX0Ca1Yeje6eC6NuliFZj5Spn7I7mXRsa9kBsXMqB-Ag/viewform?edit2=2_ABaOnuc084FrjG7zAzRmpPq49Y4JP88xiAcq-g7-VvQwWFeceQLWBMs_PDHeU79-Vo2bATc") -> https://docs.google.com/forms/d/e/1FAIpQLSd37AKX0Ca1Yeje6eC6NuliFZj5Spn7I7mXRsa9kBsXMqB-Ag/viewform?edit2=2_ABaOnuc084FrjG7zAzRmpPq49Y4JP88xiAcq-g7-VvQwWFeceQLWBMs_PDHeU79-Vo2bATc
A4: =IFERROR(__xludf.DUMMYFUNCTION("""COMPUTED_VALUE"""),"Ordinations") -> Ordinations | B4: =IFERROR(__xludf.DUMMYFUNCTION("""COMPUTED_VALUE"""),"Taylor Smith") -> Taylor Smith | C4: =IFERROR(__xludf.DUMMYFUNCTION("""COMPUTED_VALUE"""),"High Priest") -> High Priest | D4: =IFERROR(__xludf.DUMMYFUNCTION("""COMPUTED_VALUE"""),"Lansing") -> Lansing | E4: =IFERROR(__xludf.DUMMYFUNCTION("""COMPUTED_VALUE"""),"Cancelled") -> Cancelled | G4: =IFERROR(__xludf.DUMMYFUNCTION("""COMPUTED_VALUE""")," ") | H4: =IFERROR(__xludf.DUMMYFUNCTION("""COMPUTED_VALUE"""),"https://docs.google.com/forms/d/e/1FAIpQLScKfK1Xq_AfFRyZkOlyT2n4Ugr8FdePyUxPct4kYLgKJ3YlMQ/viewform?edit2=2_ABaOnufrbZEpQ1VYeN9BXUBQ6v1OzvXmTFVGlu68JTR1rShH00C-sT1ViaSxcZ8c5g36hTc") -> https://docs.google.com/forms/d/e/1FAIpQLScKfK1Xq_AfFRyZkOlyT2n4Ugr8FdePyUxPct4kYLgKJ3YlMQ/viewform?edit2=2_ABaOnufrbZEpQ1VYeN9BXUBQ6v1OzvXmTFVGlu68JTR1rShH00C-sT1ViaSxcZ8c5g36hTc
A5: =IFERROR(__xludf.DUMMYFUNCTION("""COMPUTED_VALUE"""),"Ordinations") -> Ordinations | B5: =IFERROR(__xludf.DUMMYFUNCTION("""COMPUTED_VALUE"""),"Clayton Hoekwater") -> Clayton Hoekwater | C5: =IFERROR(__xludf.DUMMYFUNCTION("""COMPUTED_VALUE"""),"Elder") -> Elder | D5: =IFERROR(__xludf.DUMMYFUNCTION("""COMPUTED_VALUE"""),"YSA") -> YSA | E5: =IFERROR(__xludf.DUMMYFUNCTION("""COMPUTED_VALUE"""),"Certificate") -> Certificate | F5: =IFERROR(__xludf.DUMMYFUNCTION("""COMPUTED_VALUE"""),"Conn") -> Conn | G5: =IFERROR(__xludf.DUMMYFUNCTION("""COMPUTED_VALUE""")," ") | H5: =IFERROR(__xludf.DUMMYFUNCTION("""COMPUTED_VALUE"""),"https://docs.google.com/forms/d/e/1FAIpQLScKfK1Xq_AfFRyZkOlyT2n4Ugr8FdePyUxPct4kYLgKJ3YlMQ/viewform?edit2=2_ABaOnucIF0bUlpImPx8G5Cbwlu76fG6A5FGJO9bhSnfweqQLIYVGJ5NGuH1wd-Vrzig1ARY") -> https://docs.google.com/forms/d/e/1FAIpQLScKfK1Xq_AfFRyZkOlyT2n4Ugr8FdePyUxPct4kYLgKJ3YlMQ/viewform?edit2=2_ABaOnucIF0bUlpImPx8G5Cbwlu76fG6A5FGJO9bhSnfweqQLIYVGJ5NGuH1wd-Vrzig1ARY
A6: =IFERROR(__xludf.DUMMYFUNCTION("""COMPUTED_VALUE"""),"Ordinations") -> Ordinations | B6: =IFERROR(__xludf.DUMMYFUNCTION("""COMPUTED_VALUE"""),"Skyler Roper") -> Skyler Roper | C6: =IFERROR(__xludf.DUMMYFUNCTION("""COMPUTED_VALUE"""),"High Priest") -> High Priest | D6: =IFERROR(__xludf.DUMMYFUNCTION("""COMPUTED_VALUE"""),"Portland") -> Portland | E6: =IFERROR(__xludf.DUMMYFUNCTION("""COMPUTED_VALUE"""),"Certificate") -> Certificate | F6: =IFERROR(__xludf.DUMMYFUNCTION("""COMPUTED_VALUE"""),"Doty") -> Doty | G6: =IFERROR(__xludf.DUMMYFUNCTION("""COMPUTED_VALUE""")," ") | H6: =IFERROR(__xludf.DUMMYFUNCTION("""COMPUTED_VALUE"""),"https://docs.google.com/forms/d/e/1FAIpQLScKfK1Xq_AfFRyZkOlyT2n4Ugr8FdePyUxPct4kYLgKJ3YlMQ/viewform?edit2=2_ABaOnucvgZ8hcmHj8eo8Gttfaa2Xb_k25Mz2N0V6ThqYfwGsiep8vt9_VOKJTNSs6iScXCU") -> https://docs.google.com/forms/d/e/1FAIpQLScKfK1Xq_AfFRyZkOlyT2n4Ugr8FdePyUxPct4kYLgKJ3YlMQ/viewform?edit2=2_ABaOnucvgZ8hcmHj8eo8Gttfaa2Xb_k25Mz2N0V6ThqYfwGsiep8vt9_VOKJTNSs6iScXCU
A7: =IFERROR(__xludf.DUMMYFUNCTION("""COMPUTED_VALUE"""),"Ordinations") -> Ordinations | B7: =IFERROR(__xludf.DUMMYFUNCTION("""COMPUTED_VALUE"""),"Gavin Johnson") -> Gavin Johnson | C7: =IFERROR(__xludf.DUMMYFUNCTION("""COMPUTED_VALUE"""),"High Priest") -> High Priest | D7: =IFERROR(__xludf.DUMMYFUNCTION("""COMPUTED_VALUE"""),"Lansing") -> Lansing | E7: =IFERROR(__xludf.DUMMYFUNCTION("""COMPUTED_VALUE"""),"Ordination") -> Ordination | F7: =IFERROR(__xludf.DUMMYFUNCTION("""COMPUTED_VALUE"""),"Earl") -> Earl | G7: =IFERROR(__xludf.DUMMYFUNCTION("""COMPUTED_VALUE""")," ") | H7: =IFERROR(__xludf.DUMMYFUNCTION("""COMPUTED_VALUE"""),"https://docs.google.com/forms/d/e/1FAIpQLScKfK1Xq_AfFRyZkOlyT2n4Ugr8FdePyUxPct4kYLgKJ3YlMQ/viewform?edit2=2_ABaOnucYlNz1YoXLPBAYyST6WlmELb1kBnM9BfkUaTxKov-rM8gB0ieRnkyVKFnayrBrwdE") -> https://docs.google.com/forms/d/e/1FAIpQLScKfK1Xq_AfFRyZkOlyT2n4Ugr8FdePyUxPct4kYLgKJ3YlMQ/viewform?edit2=2_ABaOnucYlNz1YoXLPBAYyST6WlmELb1kBnM9BfkUaTxKov-rM8gB0ieRnkyVKFnayrBrwdE
A8: =IFERROR(__xludf.DUMMYFUNCTION("""COMPUTED_VALUE"""),"Ordinations") -> Ordinations | B8: =IFERROR(__xludf.DUMMYFUNCTION("""COMPUTED_VALUE"""),"Tristan Packard") -> Tristan Packard | C8: =IFERROR(__xludf.DUMMYFUNCTION("""COMPUTED_VALUE"""),"High Priest") -> High Priest | D8: =IFERROR(__xludf.DUMMYFUNCTION("""COMPUTED_VALUE"""),"Lansing") -> Lansing | E8: =IFERROR(__xludf.DUMMYFUNCTION("""COMPUTED_VALUE"""),"Ordination") -> Ordination | F8: =IFERROR(__xludf.DUMMYFUNCTION("""COMPUTED_VALUE"""),"Earl") -> Earl | G8: =IFERROR(__xludf.DUMMYFUNCTION("""COMPUTED_VALUE""")," ") | H8: =IFERROR(__xludf.DUMMYFUNCTION("""COMPUTED_VALUE"""),"https://docs.google.com/forms/d/e/1FAIpQLScKfK1Xq_AfFRyZkOlyT2n4Ugr8FdePyUxPct4kYLgKJ3YlMQ/viewform?edit2=2_ABaOnucINqfbL2HNtyT2-rdXO1PHIOPKQtPP-hALfOhqsXkOd_XPh6FLRTCqadIMuXnaou0") -> https://docs.google.com/forms/d/e/1FAIpQLScKfK1Xq_AfFRyZkOlyT2n4Ugr8FdePyUxPct4kYLgKJ3YlMQ/viewform?edit2=2_ABaOnucINqfbL2HNtyT2-rdXO1PHIOPKQtPP-hALfOhqsXkOd_XPh6FLRTCqadIMuXnaou0
A9: =IFERROR(__xludf.DUMMYFUNCTION("""COMPUTED_VALUE"""),"Callings") -> Callings | B9: =IFERROR(__xludf.DUMMYFUNCTION("""COMPUTED_VALUE"""),"Tristan Packard") -> Tristan Packard | C9: =IFERROR(__xludf.DUMMYFUNCTION("""COMPUTED_VALUE"""),"Bishopric 2nd Counselor") -> Bishopric 2nd Counselor | D9: =IFERROR(__xludf.DUMMYFUNCTION("""COMPUTED_VALUE"""),"Lansing") -> Lansing | E9: =IFERROR(__xludf.DUMMYFUNCTION("""COMPUTED_VALUE"""),"Set Apart") -> Set Apart | F9: =IFERROR(__xludf.DUMMYFUNCTION("""COMPUTED_VALUE"""),"Earl") -> Earl | G9: =IFERROR(__xludf.DUMMYFUNCTION("""COMPUTED_VALUE"""),"Earl") -> Earl | H9: =IFERROR(__xludf.DUMMYFUNCTION("""COMPUTED_VALUE"""),"https://docs.google.com/forms/d/e/1FAIpQLSd37AKX0Ca1Yeje6eC6NuliFZj5Spn7I7mXRsa9kBsXMqB-Ag/viewform?edit2=2_ABaOnucU6DOq6qcvz42zkHjhZlqUckdI_P7WQvTHT6kRvXPS0nedw-Lqwshw-TPP60rFl40") -> https://docs.google.com/forms/d/e/1FAIpQLSd37AKX0Ca1Yeje6eC6NuliFZj5Spn7I7mXRsa9kBsXMqB-Ag/viewform?edit2=2_ABaOnucU6DOq6qcvz42zkHjhZlqUckdI_P7WQvTHT6kRvXPS0nedw-Lqwshw-TPP60rFl40
A10: =IFERROR(__xludf.DUMMYFUNCTION("""COMPUTED_VALUE"""),"Callings") -> Callings | B10: =IFERROR(__xludf.DUMMYFUNCTION("""COMPUTED_VALUE"""),"Gavin Johnson") -> Gavin Johnson | C10: =IFERROR(__xludf.DUMMYFUNCTION("""COMPUTED_VALUE"""),"Bishopric 1st Counselor") -> Bishopric 1st Counselor | D10: =IFERROR(__xludf.DUMMYFUNCTION("""COMPUTED_VALUE"""),"Lansing") -> Lansing | E10: =IFERROR(__xludf.DUMMYFUNCTION("""COMPUTED_VALUE"""),"Set Apart") -> Set Apart | F10: =IFERROR(__xludf.DUMMYFUNCTION("""COMPUTED_VALUE"""),"Earl") -> Earl | G10: =IFERROR(__xludf.DUMMYFUNCTION("""COMPUTED_VALUE"""),"Earl") -> Earl | H10: =IFERROR(__xludf.DUMMYFUNCTION("""COMPUTED_VALUE"""),"https://docs.google.com/forms/d/e/1FAIpQLSd37AKX0Ca1Yeje6eC6NuliFZj5Spn7I7mXRsa9kBsXMqB-Ag/viewform?edit2=2_ABaOnuerF-9S-0PUnAo-xLIpSHuJa6TuFg8a5-HK4pKoELYuVYouRoOvSYDtqHqjDqv1WPE") -> https://docs.google.com/forms/d/e/1FAIpQLSd37AKX0Ca1Yeje6eC6NuliFZj5Spn7I7mXRsa9kBsXMqB-Ag/viewform?edit2=2_ABaOnuerF-9S-0PUnAo-xLIpSHuJa6TuFg8a5-HK4pKoELYuVYouRoOvSYDtqHqjDqv1WPE
A11: =IFERROR(__xludf.DUMMYFUNCTION("""COMPUTED_VALUE"""),"Callings") -> Callings | B11: =IFERROR(__xludf.DUMMYFUNCTION("""COMPUTED_VALUE"""),"Barbara Miller") -> Barbara Miller | C11: =IFERROR(__xludf.DUMMYFUNCTION("""COMPUTED_VALUE"""),"Stake YW Secretary") -> Stake YW Secretary | D11: =IFERROR(__xludf.DUMMYFUNCTION("""COMPUTED_VALUE"""),"Williamston") -> Williamston | E11: =IFERROR(__xludf.DUMMYFUNCTION("""COMPUTED_VALUE"""),"Training") -> Training | F11: =IFERROR(__xludf.DUMMYFUNCTION("""COMPUTED_VALUE"""),"B. Thorpe") -> B. Thorpe | G11: =IFERROR(__xludf.DUMMYFUNCTION("""COMPUTED_VALUE"""),"B. Thorpe") -> B. Thorpe | H11: =IFERROR(__xludf.DUMMYFUNCTION("""COMPUTED_VALUE"""),"https://docs.google.com/forms/d/e/1FAIpQLSd37AKX0Ca1Yeje6eC6NuliFZj5Spn7I7mXRsa9kBsXMqB-Ag/viewform?edit2=2_ABaOnueqOA9jOURj75fgFVzTPRoS4CvrWRrmHCOIfJ0-em66xU40R2VatgNoW4WQt5tTjMU") -> https://docs.google.com/forms/d/e/1FAIpQLSd37AKX0Ca1Yeje6eC6NuliFZj5Spn7I7mXRsa9kBsXMqB-Ag/viewform?edit2=2_ABaOnueqOA9jOURj75fgFVzTPRoS4CvrWRrmHCOIfJ0-em66xU40R2VatgNoW4WQt5tTjMU
A12: =IFERROR(__xludf.DUMMYFUNCTION("""COMPUTED_VALUE"""),"Callings") -> Callings | B12: =IFERROR(__xludf.DUMMYFUNCTION("""COMPUTED_VALUE"""),"Andrea Lowder") -> Andrea Lowder | C12: =IFERROR(__xludf.DUMMYFUNCTION("""COMPUTED_VALUE"""),"Stake YW 1st Counselor") -> Stake YW 1st Counselor | D12: =IFERROR(__xludf.DUMMYFUNCTION("""COMPUTED_VALUE"""),"Holt") -> Holt | E12: =IFERROR(__xludf.DUMMYFUNCTION("""COMPUTED_VALUE"""),"Training") -> Training | F12: =IFERROR(__xludf.DUMMYFUNCTION("""COMPUTED_VALUE"""),"B. Thorpe") -> B. Thorpe | G12: =IFERROR(__xludf.DUMMYFUNCTION("""COMPUTED_VALUE"""),"B. Thorpe") -> B. Thorpe | H12: =IFERROR(__xludf.DUMMYFUNCTION("""COMPUTED_VALUE"""),"https://docs.google.com/forms/d/e/1FAIpQLSd37AKX0Ca1Yeje6eC6NuliFZj5Spn7I7mXRsa9kBsXMqB-Ag/viewform?edit2=2_ABaOnudeQNpZK8qo5P01o5m8u1nK-nidTP440bH0iWjs2673t7t6cup8pQiFCCzYZAU0aPQ") -> https://docs.google.com/forms/d/e/1FAIpQLSd37AKX0Ca1Yeje6eC6NuliFZj5Spn7I7mXRsa9kBsXMqB-Ag/viewform?edit2=2_ABaOnudeQNpZK8qo5P01o5m8u1nK-nidTP440bH0iWjs2673t7t6cup8pQiFCCzYZAU0aPQ
A13: =IFERROR(__xludf.DUMMYFUNCTION("""COMPUTED_VALUE"""),"Callings") -> Callings | B13: =IFERROR(__xludf.DUMMYFUNCTION("""COMPUTED_VALUE"""),"Jonathan Boegler") -> Jonathan Boegler | C13: =IFERROR(__xludf.DUMMYFUNCTION("""COMPUTED_VALUE"""),"EQ 1st Counselor") -> EQ 1st Counselor | D13: =IFERROR(__xludf.DUMMYFUNCTION("""COMPUTED_VALUE"""),"Jackson") -> Jackson | E13: =IFERROR(__xludf.DUMMYFUNCTION("""COMPUTED_VALUE"""),"Training") -> Training | F13: =IFERROR(__xludf.DUMMYFUNCTION("""COMPUTED_VALUE"""),"D. Thorpe") -> D. Thorpe | G13: =IFERROR(__xludf.DUMMYFUNCTION("""COMPUTED_VALUE"""),"D. Thorpe") -> D. Thorpe | H13: =IFERROR(__xludf.DUMMYFUNCTION("""COMPUTED_VALUE"""),"https://docs.google.com/forms/d/e/1FAIpQLSd37AKX0Ca1Yeje6eC6NuliFZj5Spn7I7mXRsa9kBsXMqB-Ag/viewform?edit2=2_ABaOnuff1NqAKnZeZFWYAZ37X-J5lZZRuI-4HxjIyakngMffc9MgN7mqhOsy4yZwbSwlM5A") -> https://docs.google.com/forms/d/e/1FAIpQLSd37AKX0Ca1Yeje6eC6NuliFZj5Spn7I7mXRsa9kBsXMqB-Ag/viewform?edit2=2_ABaOnuff1NqAKnZeZFWYAZ37X-J5lZZRuI-4HxjIyakngMffc9MgN7mqhOsy4yZwbSwlM5A
A14: =IFERROR(__xludf.DUMMYFUNCTION("""COMPUTED_VALUE"""),"Callings") -> Callings | B14: =IFERROR(__xludf.DUMMYFUNCTION("""COMPUTED_VALUE"""),"Mark Witbeck") -> Mark Witbeck | C14: =IFERROR(__xludf.DUMMYFUNCTION("""COMPUTED_VALUE"""),"Branch Presidency 2nd Counselor") -> Branch Presidency 2nd Counselor | D14: =IFERROR(__xludf.DUMMYFUNCTION("""COMPUTED_VALUE"""),"Portland") -> Portland | E14: =IFERROR(__xludf.DUMMYFUNCTION("""COMPUTED_VALUE"""),"Training") -> Training | F14: =IFERROR(__xludf.DUMMYFUNCTION("""COMPUTED_VALUE"""),"Earl") -> Earl | G14: =IFERROR(__xludf.DUMMYFUNCTION("""COMPUTED_VALUE"""),"Earl") -> Earl | H14: =IFERROR(__xludf.DUMMYFUNCTION("""COMPUTED_VALUE"""),"https://docs.google.com/forms/d/e/1FAIpQLSd37AKX0Ca1Yeje6eC6NuliFZj5Spn7I7mXRsa9kBsXMqB-Ag/viewform?edit2=2_ABaOnuf6drCWA-IZBlNqDAotDEssKORUs-S1i6ryHOYbNmm5r74FiPSdK2RgyzyGz8V24y8") -> https://docs.google.com/forms/d/e/1FAIpQLSd37AKX0Ca1Yeje6eC6NuliFZj5Spn7I7mXRsa9kBsXMqB-Ag/viewform?edit2=2_ABaOnuf6drCWA-IZBlNqDAotDEssKORUs-S1i6ryHOYbNmm5r74FiPSdK2RgyzyGz8V24y8
A15: =IFERROR(__xludf.DUMMYFUNCTION("""COMPUTED_VALUE"""),"Callings") -> Callings | B15: =IFERROR(__xludf.DUMMYFUNCTION("""COMPUTED_VALUE"""),"Del Sterling") -> Del Sterling | C15: =IFERROR(__xludf.DUMMYFUNCTION("""COMPUTED_VALUE"""),"Branch Presidency 1st Counselor") -> Branch Presidency 1st Counselor | D15: =IFERROR(__xludf.DUMMYFUNCTION("""COMPUTED_VALUE"""),"Portland") -> Portland | E15: =IFERROR(__xludf.DUMMYFUNCTION("""COMPUTED_VALUE"""),"Training") -> Training | F15: =IFERROR(__xludf.DUMMYFUNCTION("""COMPUTED_VALUE"""),"Earl") -> Earl | G15: =IFERROR(__xludf.DUMMYFUNCTION("""COMPUTED_VALUE"""),"Earl") -> Earl | H15: =IFERROR(__xludf.DUMMYFUNCTION("""COMPUTED_VALUE"""),"https://docs.google.com/forms/d/e/1FAIpQLSd37AKX0Ca1Yeje6eC6NuliFZj5Spn7I7mXRsa9kBsXMqB-Ag/viewform?edit2=2_ABaOnucXYh7TXzTa8Eiqh6G2iI9SDkB9z7HxXc-muPtZY1lxw5j5SfdnONWyGViUYdQGjOE") -> https://docs.google.com/forms/d/e/1FAIpQLSd37AKX0Ca1Yeje6eC6NuliFZj5Spn7I7mXRsa9kBsXMqB-Ag/viewform?edit2=2_ABaOnucXYh7TXzTa8Eiqh6G2iI9SDkB9z7HxXc-muPtZY1lxw5j5SfdnONWyGViUYdQGjOE
A16: =IFERROR(__xludf.DUMMYFUNCTION("""COMPUTED_VALUE"""),"Callings") -> Callings | B16: =IFERROR(__xludf.DUMMYFUNCTION("""COMPUTED_VALUE"""),"Tanner Hickman") -> Tanner Hickman | C16: =IFERROR(__xludf.DUMMYFUNCTION("""COMPUTED_VALUE"""),"Bishop") -> Bishop | D16: =IFERROR(__xludf.DUMMYFUNCTION("""COMPUTED_VALUE"""),"Lansing") -> Lansing | E16: =IFERROR(__xludf.DUMMYFUNCTION("""COMPUTED_VALUE"""),"Training") -> Training | F16: =IFERROR(__xludf.DUMMYFUNCTION("""COMPUTED_VALUE"""),"Rawson") -> Rawson | G16: =IFERROR(__xludf.DUMMYFUNCTION("""COMPUTED_VALUE"""),"Earl") -> Earl | H16: =IFERROR(__xludf.DUMMYFUNCTION("""COMPUTED_VALUE"""),"https://docs.google.com/forms/d/e/1FAIpQLSd37AKX0Ca1Yeje6eC6NuliFZj5Spn7I7mXRsa9kBsXMqB-Ag/viewform?edit2=2_ABaOnuf2j7989Basd7RqeWk5ShbfC9vglbQAYME_8G0y9KgxN5a2Sxu33yjZSF-7UYqZu8U") -> https://docs.google.com/forms/d/e/1FAIpQLSd37AKX0Ca1Yeje6eC6NuliFZj5Spn7I7mXRsa9kBsXMqB-Ag/viewform?edit2=2_ABaOnuf2j7989Basd7RqeWk5ShbfC9vglbQAYME_8G0y9KgxN5a2Sxu33yjZSF-7UYqZu8U
A17: =IFERROR(__xludf.DUMMYFUNCTION("""COMPUTED_VALUE"""),"Callings") -> Callings | B17: =IFERROR(__xludf.DUMMYFUNCTION("""COMPUTED_VALUE"""),"Skyler Roper") -> Skyler Roper | C17: =IFERROR(__xludf.DUMMYFUNCTION("""COMPUTED_VALUE"""),"Branch President") -> Branch President | D17: =IFERROR(__xludf.DUMMYFUNCTION("""COMPUTED_VALUE"""),"Portland") -> Portland | E17: =IFERROR(__xludf.DUMMYFUNCTION("""COMPUTED_VALUE"""),"Training") -> Training | F17: =IFERROR(__xludf.DUMMYFUNCTION("""COMPUTED_VALUE"""),"Rawson") -> Rawson | G17: =IFERROR(__xludf.DUMMYFUNCTION("""COMPUTED_VALUE"""),"Earl") -> Earl | H17: =IFERROR(__xludf.DUMMYFUNCTION("""COMPUTED_VALUE"""),"https://docs.google.com/forms/d/e/1FAIpQLSd37AKX0Ca1Yeje6eC6NuliFZj5Spn7I7mXRsa9kBsXMqB-Ag/viewform?edit2=2_ABaOnueza0QWbrwz8T7sWbuoj8RQ0uTYVPMjIOquJLrwomLqVasBXKQ7q4oPdU42q5sebnY") -> https://docs.google.com/forms/d/e/1FAIpQLSd37AKX0Ca1Yeje6eC6NuliFZj5Spn7I7mXRsa9kBsXMqB-Ag/viewform?edit2=2_ABaOnueza0QWbrwz8T7sWbuoj8RQ0uTYVPMjIOquJLrwomLqVasBXKQ7q4oPdU42q5sebnY
A18: =IFERROR(__xludf.DUMMYFUNCTION("""COMPUTED_VALUE"""),"Callings") -> Callings | B18: =IFERROR(__xludf.DUMMYFUNCTION("""COMPUTED_VALUE"""),"Sawyer Barney") -> Sawyer Barney | C18: =IFERROR(__xludf.DUMMYFUNCTION("""COMPUTED_VALUE"""),"Executive Secretary") -> Executive Secretary | D18: =IFERROR(__xludf.DUMMYFUNCTION("""COMPUTED_VALUE"""),"Lansing") -> Lansing | E18: =IFERROR(__xludf.DUMMYFUNCTION("""COMPUTED_VALUE"""),"Training") -> Training | F18: =IFERROR(__xludf.DUMMYFUNCTION("""COMPUTED_VALUE"""),"Earl") -> Earl | G18: =IFERROR(__xludf.DUMMYFUNCTION("""COMPUTED_VALUE"""),"Hilgendorf") -> Hilgendorf | H18: =IFERROR(__xludf.DUMMYFUNCTION("""COMPUTED_VALUE"""),"https://docs.google.com/forms/d/e/1FAIpQLSd37AKX0Ca1Yeje6eC6NuliFZj5Spn7I7mXRsa9kBsXMqB-Ag/viewform?edit2=2_ABaOnue8mI5AYqilJnQ-23IHeU09ipqfAONkBPAhQ3a3okU2s71v_L1uHn7A2GfefVIT5vE") -> https://docs.google.com/forms/d/e/1FAIpQLSd37AKX0Ca1Yeje6eC6NuliFZj5Spn7I7mXRsa9kBsXMqB-Ag/viewform?edit2=2_ABaOnue8mI5AYqilJnQ-23IHeU09ipqfAONkBPAhQ3a3okU2s71v_L1uHn7A2GfefVIT5vE
A19: =IFERROR(__xludf.DUMMYFUNCTION("""COMPUTED_VALUE"""),"Callings") -> Callings | B19: =IFERROR(__xludf.DUMMYFUNCTION("""COMPUTED_VALUE"""),"Giacinto Lucci Sr.") -> Giacinto Lucci Sr. | C19: =IFERROR(__xludf.DUMMYFUNCTION("""COMPUTED_VALUE"""),"EQ 1st Counselor") -> EQ 1st Counselor | D19: =IFERROR(__xludf.DUMMYFUNCTION("""COMPUTED_VALUE"""),"Charlotte") -> Charlotte | E19: =IFERROR(__xludf.DUMMYFUNCTION("""COMPUTED_VALUE"""),"Training") -> Training | F19: =IFERROR(__xludf.DUMMYFUNCTION("""COMPUTED_VALUE"""),"Nelson") -> Nelson | G19: =IFERROR(__xludf.DUMMYFUNCTION("""COMPUTED_VALUE"""),"Nelson") -> Nelson | H19: =IFERROR(__xludf.DUMMYFUNCTION("""COMPUTED_VALUE"""),"https://docs.google.com/forms/d/e/1FAIpQLSd37AKX0Ca1Yeje6eC6NuliFZj5Spn7I7mXRsa9kBsXMqB-Ag/viewform?edit2=2_ABaOnufG4qkFQOtlvqNs92E6J7QIRFpabq77LhYs1EKoIUylzebWNv8mFo_PoidwofkyZ0Y") -> https://docs.google.com/forms/d/e/1FAIpQLSd37AKX0Ca1Yeje6eC6NuliFZj5Spn7I7mXRsa9kBsXMqB-Ag/viewform?edit2=2_ABaOnufG4qkFQOtlvqNs92E6J7QIRFpabq77LhYs1EKoIUylzebWNv8mFo_PoidwofkyZ0Y
A20: =IFERROR(__xludf.DUMMYFUNCTION("""COMPUTED_VALUE"""),"Callings") -> Callings | B20: =IFERROR(__xludf.DUMMYFUNCTION("""COMPUTED_VALUE"""),"David Polhamus") -> David Polhamus | C20: =IFERROR(__xludf.DUMMYFUNCTION("""COMPUTED_VALUE"""),"EQ 2nd Counselor") -> EQ 2nd Counselor | D20: =IFERROR(__xludf.DUMMYFUNCTION("""COMPUTED_VALUE"""),"Charlotte") -> Charlotte | E20: =IFERROR(__xludf.DUMMYFUNCTION("""COMPUTED_VALUE"""),"Training") -> Training | F20: =IFERROR(__xludf.DUMMYFUNCTION("""COMPUTED_VALUE"""),"Nelson") -> Nelson | G20: =IFERROR(__xludf.DUMMYFUNCTION("""COMPUTED_VALUE"""),"Nelson") -> Nelson | H20: =IFERROR(__xludf.DUMMYFUNCTION("""COMPUTED_VALUE"""),"https://docs.google.com/forms/d/e/1FAIpQLSd37AKX0Ca1Yeje6eC6NuliFZj5Spn7I7mXRsa9kBsXMqB-Ag/viewform?edit2=2_ABaOnueYWLUCkhOyJAhdd6sl35WX-SzQl1fVfL0acBK39C3PrSGDfh5FKCpV-EWK10pwrqQ") -> https://docs.google.com/forms/d/e/1FAIpQLSd37AKX0Ca1Yeje6eC6NuliFZj5Spn7I7mXRsa9kBsXMqB-Ag/viewform?edit2=2_ABaOnueYWLUCkhOyJAhdd6sl35WX-SzQl1fVfL0acBK39C3PrSGDfh5FKCpV-EWK10pwrqQ
A21: =IFERROR(__xludf.DUMMYFUNCTION("""COMPUTED_VALUE"""),"Callings") -> Callings | B21: =IFERROR(__xludf.DUMMYFUNCTION("""COMPUTED_VALUE"""),"Jordan Coker") -> Jordan Coker | C21: =IFERROR(__xludf.DUMMYFUNCTION("""COMPUTED_VALUE"""),"Elders Quorum President") -> Elders Quorum President | D21: =IFERROR(__xludf.DUMMYFUNCTION("""COMPUTED_VALUE"""),"Charlotte") -> Charlotte | E21: =IFERROR(__xludf.DUMMYFUNCTION("""COMPUTED_VALUE"""),"Training") -> Training | F21: =IFERROR(__xludf.DUMMYFUNCTION("""COMPUTED_VALUE"""),"Rawson") -> Rawson | G21: =IFERROR(__xludf.DUMMYFUNCTION("""COMPUTED_VALUE"""),"Nelson") -> Nelson | H21: =IFERROR(__xludf.DUMMYFUNCTION("""COMPUTED_VALUE"""),"https://docs.google.com/forms/d/e/1FAIpQLSd37AKX0Ca1Yeje6eC6NuliFZj5Spn7I7mXRsa9kBsXMqB-Ag/viewform?edit2=2_ABaOnucjwEQQpKVtkpHfLLSdr7wlsJ123jmny_Y0VAZ3t1dzFLz17xf1AylOpEj0gIyz5Dg") -> https://docs.google.com/forms/d/e/1FAIpQLSd37AKX0Ca1Yeje6eC6NuliFZj5Spn7I7mXRsa9kBsXMqB-Ag/viewform?edit2=2_ABaOnucjwEQQpKVtkpHfLLSdr7wlsJ123jmny_Y0VAZ3t1dzFLz17xf1AylOpEj0gIyz5Dg

Sheet Stake Conference
A1: =IFERROR(__xludf.DUMMYFUNCTION("query(Sustainings!A3:P1000,""Select A,B,C,D,O Where O = 'Stake Conf'"")"),"Individual") -> Individual | B1: =IFERROR(__xludf.DUMMYFUNCTION("""COMPUTED_VALUE"""),"Unit") -> Unit | C1: =IFERROR(__xludf.DUMMYFUNCTION("""COMPUTED_VALUE"""),"Action") -> Action | D1: =IFERROR(__xludf.DUMMYFUNCTION("""COMPUTED_VALUE"""),"Calling / Office") -> Calling / Office | E1: =IFERROR(__xludf.DUMMYFUNCTION("""COMPUTED_VALUE"""),"Status") -> Status
A2: =IFERROR(__xludf.DUMMYFUNCTION("""COMPUTED_VALUE"""),"Clayton Hoekwater") -> Clayton Hoekwater | B2: =IFERROR(__xludf.DUMMYFUNCTION("""COMPUTED_VALUE"""),"YSA") -> YSA | C2: =IFERROR(__xludf.DUMMYFUNCTION("""COMPUTED_VALUE"""),"Sustain") -> Sustain | D2: =IFERROR(__xludf.DUMMYFUNCTION("""COMPUTED_VALUE"""),"Elder") -> Elder | E2: =IFERROR(__xludf.DUMMYFUNCTION("""COMPUTED_VALUE"""),"Stake Conf") -> Stake Conf
A3: =IFERROR(__xludf.DUMMYFUNCTION("""COMPUTED_VALUE"""),"Skyler Roper") -> Skyler Roper | B3: =IFERROR(__xludf.DUMMYFUNCTION("""COMPUTED_VALUE"""),"Portland") -> Portland | C3: =IFERROR(__xludf.DUMMYFUNCTION("""COMPUTED_VALUE"""),"Sustain") -> Sustain | D3: =IFERROR(__xludf.DUMMYFUNCTION("""COMPUTED_VALUE"""),"High Priest") -> High Priest | E3: =IFERROR(__xludf.DUMMYFUNCTION("""COMPUTED_VALUE"""),"Stake Conf") -> Stake Conf
A4: =IFERROR(__xludf.DUMMYFUNCTION("""COMPUTED_VALUE"""),"Tristan Packard") -> Tristan Packard | B4: =IFERROR(__xludf.DUMMYFUNCTION("""COMPUTED_VALUE"""),"Lansing") -> Lansing | C4: =IFERROR(__xludf.DUMMYFUNCTION("""COMPUTED_VALUE"""),"Sustain") -> Sustain | D4: =IFERROR(__xludf.DUMMYFUNCTION("""COMPUTED_VALUE"""),"High Priest") -> High Priest | E4: =IFERROR(__xludf.DUMMYFUNCTION("""COMPUTED_VALUE"""),"Stake Conf") -> Stake Conf
A5: =IFERROR(__xludf.DUMMYFUNCTION("""COMPUTED_VALUE"""),"Gavin Johnson") -> Gavin Johnson | B5: =IFERROR(__xludf.DUMMYFUNCTION("""COMPUTED_VALUE"""),"Lansing") -> Lansing | C5: =IFERROR(__xludf.DUMMYFUNCTION("""COMPUTED_VALUE"""),"Sustain") -> Sustain | D5: =IFERROR(__xludf.DUMMYFUNCTION("""COMPUTED_VALUE"""),"High Priest") -> High Priest | E5: =IFERROR(__xludf.DUMMYFUNCTION("""COMPUTED_VALUE"""),"Stake Conf") -> Stake Conf

Sheet History
A1: =IFERROR(__xludf.DUMMYFUNCTION("query(Sustainings!A3:P1000,""Select A,B,C,D,O,P Where P Is Not Null ORDER BY P Desc"")"),"Individual") -> Individual | B1: =IFERROR(__xludf.DUMMYFUNCTION("""COMPUTED_VALUE"""),"Unit") -> Unit | C1: =IFERROR(__xludf.DUMMYFUNCTION("""COMPUTED_VALUE"""),"Action") -> Action | D1: =IFERROR(__xludf.DUMMYFUNCTION("""COMPUTED_VALUE"""),"Calling / Office") -> Calling / Office | E1: =IFERROR(__xludf.DUMMYFUNCTION("""COMPUTED_VALUE"""),"Status") -> Status | F1: =IFERROR(__xludf.DUMMYFUNCTION("""COMPUTED_VALUE"""),"Stake Conf Sustain Date") -> Stake Conf Sustain Date
A2: =IFERROR(__xludf.DUMMYFUNCTION("""COMPUTED_VALUE"""),"David Cramer") -> David Cramer | B2: =IFERROR(__xludf.DUMMYFUNCTION("""COMPUTED_VALUE"""),"Williamston") -> Williamston | C2: =IFERROR(__xludf.DUMMYFUNCTION("""COMPUTED_VALUE"""),"Sustain") -> Sustain | D2: =IFERROR(__xludf.DUMMYFUNCTION("""COMPUTED_VALUE"""),"Elder") -> Elder | E2: =IFERROR(__xludf.DUMMYFUNCTION("""COMPUTED_VALUE"""),"Complete") -> Complete | F2: =IFERROR(__xludf.DUMMYFUNCTION("""COMPUTED_VALUE"""),46089.0) -> 46089
A3: =IFERROR(__xludf.DUMMYFUNCTION("""COMPUTED_VALUE"""),"Ian Webster") -> Ian Webster | B3: =IFERROR(__xludf.DUMMYFUNCTION("""COMPUTED_VALUE"""),"YSA") -> YSA | C3: =IFERROR(__xludf.DUMMYFUNCTION("""COMPUTED_VALUE"""),"Sustain") -> Sustain | D3: =IFERROR(__xludf.DUMMYFUNCTION("""COMPUTED_VALUE"""),"Elder") -> Elder | E3: =IFERROR(__xludf.DUMMYFUNCTION("""COMPUTED_VALUE"""),"Complete") -> Complete | F3: =IFERROR(__xludf.DUMMYFUNCTION("""COMPUTED_VALUE"""),46089.0) -> 46089
A4: =IFERROR(__xludf.DUMMYFUNCTION("""COMPUTED_VALUE"""),"David Polhamus") -> David Polhamus | B4: =IFERROR(__xludf.DUMMYFUNCTION("""COMPUTED_VALUE"""),"Charlotte") -> Charlotte | C4: =IFERROR(__xludf.DUMMYFUNCTION("""COMPUTED_VALUE"""),"Sustain") -> Sustain | D4: =IFERROR(__xludf.DUMMYFUNCTION("""COMPUTED_VALUE"""),"Elder") -> Elder | E4: =IFERROR(__xludf.DUMMYFUNCTION("""COMPUTED_VALUE"""),"Complete") -> Complete | F4: =IFERROR(__xludf.DUMMYFUNCTION("""COMPUTED_VALUE"""),46089.0) -> 46089
A5: =IFERROR(__xludf.DUMMYFUNCTION("""COMPUTED_VALUE"""),"Sean Potter") -> Sean Potter | B5: =IFERROR(__xludf.DUMMYFUNCTION("""COMPUTED_VALUE"""),"Holt") -> Holt | C5: =IFERROR(__xludf.DUMMYFUNCTION("""COMPUTED_VALUE"""),"Sustain") -> Sustain | D5: =IFERROR(__xludf.DUMMYFUNCTION("""COMPUTED_VALUE"""),"Elder") -> Elder | E5: =IFERROR(__xludf.DUMMYFUNCTION("""COMPUTED_VALUE"""),"Complete") -> Complete | F5: =IFERROR(__xludf.DUMMYFUNCTION("""COMPUTED_VALUE"""),46089.0) -> 46089
A6: =IFERROR(__xludf.DUMMYFUNCTION("""COMPUTED_VALUE"""),"Travis Stanton") -> Travis Stanton | B6: =IFERROR(__xludf.DUMMYFUNCTION("""COMPUTED_VALUE"""),"Holt") -> Holt | C6: =IFERROR(__xludf.DUMMYFUNCTION("""COMPUTED_VALUE"""),"Sustain") -> Sustain | D6: =IFERROR(__xludf.DUMMYFUNCTION("""COMPUTED_VALUE"""),"Elder") -> Elder | E6: =IFERROR(__xludf.DUMMYFUNCTION("""COMPUTED_VALUE"""),"Complete") -> Complete | F6: =IFERROR(__xludf.DUMMYFUNCTION("""COMPUTED_VALUE"""),46089.0) -> 46089
A7: =IFERROR(__xludf.DUMMYFUNCTION("""COMPUTED_VALUE"""),"Kenneth Vansconis") -> Kenneth Vansconis | B7: =IFERROR(__xludf.DUMMYFUNCTION("""COMPUTED_VALUE"""),"Portland") -> Portland | C7: =IFERROR(__xludf.DUMMYFUNCTION("""COMPUTED_VALUE"""),"Sustain") -> Sustain | D7: =IFERROR(__xludf.DUMMYFUNCTION("""COMPUTED_VALUE"""),"Elder") -> Elder | E7: =IFERROR(__xludf.DUMMYFUNCTION("""COMPUTED_VALUE"""),"Complete") -> Complete | F7: =IFERROR(__xludf.DUMMYFUNCTION("""COMPUTED_VALUE"""),46089.0) -> 46089
A8: =IFERROR(__xludf.DUMMYFUNCTION("""COMPUTED_VALUE"""),"Sue Zimmerlee") -> Sue Zimmerlee | B8: =IFERROR(__xludf.DUMMYFUNCTION("""COMPUTED_VALUE"""),"Holt") -> Holt | C8: =IFERROR(__xludf.DUMMYFUNCTION("""COMPUTED_VALUE"""),"Sustain") -> Sustain | D8: =IFERROR(__xludf.DUMMYFUNCTION("""COMPUTED_VALUE"""),"Stake Temple and Family History Consultant") -> Stake Temple and Family History Consultant | E8: =IFERROR(__xludf.DUMMYFUNCTION("""COMPUTED_VALUE"""),"Complete") -> Complete | F8: =IFERROR(__xludf.DUMMYFUNCTION("""COMPUTED_VALUE"""),45717.0) -> 45717
A9: =IFERROR(__xludf.DUMMYFUNCTION("""COMPUTED_VALUE"""),"Brit Fathi") -> Brit Fathi | B9: =IFERROR(__xludf.DUMMYFUNCTION("""COMPUTED_VALUE"""),"Holt") -> Holt | C9: =IFERROR(__xludf.DUMMYFUNCTION("""COMPUTED_VALUE"""),"Sustain") -> Sustain | D9: =IFERROR(__xludf.DUMMYFUNCTION("""COMPUTED_VALUE"""),"Stake Temple and Family History Consultant") -> Stake Temple and Family History Consultant | E9: =IFERROR(__xludf.DUMMYFUNCTION("""COMPUTED_VALUE"""),"Complete") -> Complete | F9: =IFERROR(__xludf.DUMMYFUNCTION("""COMPUTED_VALUE"""),45717.0) -> 45717
A10: =IFERROR(__xludf.DUMMYFUNCTION("""COMPUTED_VALUE"""),"Maggie Gamble") -> Maggie Gamble | B10: =IFERROR(__xludf.DUMMYFUNCTION("""COMPUTED_VALUE"""),"Williamston") -> Williamston | C10: =IFERROR(__xludf.DUMMYFUNCTION("""COMPUTED_VALUE"""),"Sustain") -> Sustain | D10: =IFERROR(__xludf.DUMMYFUNCTION("""COMPUTED_VALUE"""),"Stake JustServe Assistant Coordinator") -> Stake JustServe Assistant Coordinator | E10: =IFERROR(__xludf.DUMMYFUNCTION("""COMPUTED_VALUE"""),"Complete") -> Complete | F10: =IFERROR(__xludf.DUMMYFUNCTION("""COMPUTED_VALUE"""),45717.0) -> 45717
A11: =IFERROR(__xludf.DUMMYFUNCTION("""COMPUTED_VALUE"""),"Stephanie Prosser") -> Stephanie Prosser | B11: =IFERROR(__xludf.DUMMYFUNCTION("""COMPUTED_VALUE"""),"Holt") -> Holt | C11: =IFERROR(__xludf.DUMMYFUNCTION("""COMPUTED_VALUE"""),"Release & Thank") -> Release & Thank | D11: =IFERROR(__xludf.DUMMYFUNCTION("""COMPUTED_VALUE"""),"Stake YW Assistant Camp Director") -> Stake YW Assistant Camp Director | E11: =IFERROR(__xludf.DUMMYFUNCTION("""COMPUTED_VALUE"""),"Complete") -> Complete | F11: =IFERROR(__xludf.DUMMYFUNCTION("""COMPUTED_VALUE"""),45717.0) -> 45717
A12: =IFERROR(__xludf.DUMMYFUNCTION("""COMPUTED_VALUE"""),"Whitney Kirkham") -> Whitney Kirkham | B12: =IFERROR(__xludf.DUMMYFUNCTION("""COMPUTED_VALUE"""),"St Johns") -> St Johns | C12: =IFERROR(__xludf.DUMMYFUNCTION("""COMPUTED_VALUE"""),"Sustain") -> Sustain | D12: =IFERROR(__xludf.DUMMYFUNCTION("""COMPUTED_VALUE"""),"Stake Young Women Assistant Camp Director") -> Stake Young Women Assistant Camp Director | E12: =IFERROR(__xludf.DUMMYFUNCTION("""COMPUTED_VALUE"""),"Complete") -> Complete | F12: =IFERROR(__xludf.DUMMYFUNCTION("""COMPUTED_VALUE"""),45717.0) -> 45717
A13: =IFERROR(__xludf.DUMMYFUNCTION("""COMPUTED_VALUE"""),"David Knighton") -> David Knighton | B13: =IFERROR(__xludf.DUMMYFUNCTION("""COMPUTED_VALUE"""),"Holt") -> Holt | C13: =IFERROR(__xludf.DUMMYFUNCTION("""COMPUTED_VALUE"""),"Release & Thank") -> Release & Thank | D13: =IFERROR(__xludf.DUMMYFUNCTION("""COMPUTED_VALUE"""),"Assistant Stake Clerk") -> Assistant Stake Clerk | E13: =IFERROR(__xludf.DUMMYFUNCTION("""COMPUTED_VALUE"""),"Complete") -> Complete | F13: =IFERROR(__xludf.DUMMYFUNCTION("""COMPUTED_VALUE"""),45717.0) -> 45717
A14: =IFERROR(__xludf.DUMMYFUNCTION("""COMPUTED_VALUE"""),"Barry Godwin") -> Barry Godwin | B14: =IFERROR(__xludf.DUMMYFUNCTION("""COMPUTED_VALUE"""),"Williamston") -> Williamston | C14: =IFERROR(__xludf.DUMMYFUNCTION("""COMPUTED_VALUE"""),"Release & Thank") -> Release & Thank | D14: =IFERROR(__xludf.DUMMYFUNCTION("""COMPUTED_VALUE"""),"Stake Single Adult Representative") -> Stake Single Adult Representative | E14: =IFERROR(__xludf.DUMMYFUNCTION("""COMPUTED_VALUE"""),"Complete") -> Complete | F14: =IFERROR(__xludf.DUMMYFUNCTION("""COMPUTED_VALUE"""),45717.0) -> 45717
A15: =IFERROR(__xludf.DUMMYFUNCTION("""COMPUTED_VALUE"""),"Angie Brantley") -> Angie Brantley | B15: =IFERROR(__xludf.DUMMYFUNCTION("""COMPUTED_VALUE"""),"Jackson") -> Jackson | C15: =IFERROR(__xludf.DUMMYFUNCTION("""COMPUTED_VALUE"""),"Release & Thank") -> Release & Thank | D15: =IFERROR(__xludf.DUMMYFUNCTION("""COMPUTED_VALUE"""),"Stake Welfare and Self-Reliance Specialist") -> Stake Welfare and Self-Reliance Specialist | E15: =IFERROR(__xludf.DUMMYFUNCTION("""COMPUTED_VALUE"""),"Complete") -> Complete | F15: =IFERROR(__xludf.DUMMYFUNCTION("""COMPUTED_VALUE"""),45717.0) -> 45717
A16: =IFERROR(__xludf.DUMMYFUNCTION("""COMPUTED_VALUE"""),"Mark and Susan Joseph") -> Mark and Susan Joseph | B16: =IFERROR(__xludf.DUMMYFUNCTION("""COMPUTED_VALUE"""),"St Johns") -> St Johns | C16: =IFERROR(__xludf.DUMMYFUNCTION("""COMPUTED_VALUE"""),"Sustain") -> Sustain | D16: =IFERROR(__xludf.DUMMYFUNCTION("""COMPUTED_VALUE"""),"Stake Welfare and Self Reliance Specialists") -> Stake Welfare and Self Reliance Specialists | E16: =IFERROR(__xludf.DUMMYFUNCTION("""COMPUTED_VALUE"""),"Complete") -> Complete | F16: =IFERROR(__xludf.DUMMYFUNCTION("""COMPUTED_VALUE"""),45717.0) -> 45717
A17: =IFERROR(__xludf.DUMMYFUNCTION("""COMPUTED_VALUE"""),"Jesse Ward") -> Jesse Ward | B17: =IFERROR(__xludf.DUMMYFUNCTION("""COMPUTED_VALUE"""),"Portland") -> Portland | C17: =IFERROR(__xludf.DUMMYFUNCTION("""COMPUTED_VALUE"""),"Sustain") -> Sustain | D17: =IFERROR(__xludf.DUMMYFUNCTION("""COMPUTED_VALUE"""),"Elder") -> Elder | E17: =IFERROR(__xludf.DUMMYFUNCTION("""COMPUTED_VALUE"""),"Complete") -> Complete | F17: =IFERROR(__xludf.DUMMYFUNCTION("""COMPUTED_VALUE"""),45717.0) -> 45717
A18: =IFERROR(__xludf.DUMMYFUNCTION("""COMPUTED_VALUE"""),"Rusty Joseph King") -> Rusty Joseph King | B18: =IFERROR(__xludf.DUMMYFUNCTION("""COMPUTED_VALUE"""),"Jackson") -> Jackson | C18: =IFERROR(__xludf.DUMMYFUNCTION("""COMPUTED_VALUE"""),"Sustain") -> Sustain | D18: =IFERROR(__xludf.DUMMYFUNCTION("""COMPUTED_VALUE"""),"Elder") -> Elder | E18: =IFERROR(__xludf.DUMMYFUNCTION("""COMPUTED_VALUE"""),"Complete") -> Complete | F18: =IFERROR(__xludf.DUMMYFUNCTION("""COMPUTED_VALUE"""),45717.0) -> 45717
A19: =IFERROR(__xludf.DUMMYFUNCTION("""COMPUTED_VALUE"""),"Allen Scheck") -> Allen Scheck | B19: =IFERROR(__xludf.DUMMYFUNCTION("""COMPUTED_VALUE"""),"Williamston") -> Williamston | C19: =IFERROR(__xludf.DUMMYFUNCTION("""COMPUTED_VALUE"""),"Release & Thank") -> Release & Thank | D19: =IFERROR(__xludf.DUMMYFUNCTION("""COMPUTED_VALUE"""),"Stake Executive Secretary ") -> Stake Executive Secretary | E19: =IFERROR(__xludf.DUMMYFUNCTION("""COMPUTED_VALUE"""),"Complete") -> Complete | F19: =IFERROR(__xludf.DUMMYFUNCTION("""COMPUTED_VALUE"""),45536.0) -> 45536
A20: =IFERROR(__xludf.DUMMYFUNCTION("""COMPUTED_VALUE"""),"Chris Hilgendorf") -> Chris Hilgendorf | B20: =IFERROR(__xludf.DUMMYFUNCTION("""COMPUTED_VALUE"""),"Williamston") -> Williamston | C20: =IFERROR(__xludf.DUMMYFUNCTION("""COMPUTED_VALUE"""),"Sustain") -> Sustain | D20: =IFERROR(__xludf.DUMMYFUNCTION("""COMPUTED_VALUE"""),"Stake Executive Secretary") -> Stake Executive Secretary | E20: =IFERROR(__xludf.DUMMYFUNCTION("""COMPUTED_VALUE"""),"Complete") -> Complete | F20: =IFERROR(__xludf.DUMMYFUNCTION("""COMPUTED_VALUE"""),45536.0) -> 45536
A21: =IFERROR(__xludf.DUMMYFUNCTION("""COMPUTED_VALUE"""),"Elliott Renin Earl") -> Elliott Renin Earl | B21: =IFERROR(__xludf.DUMMYFUNCTION("""COMPUTED_VALUE"""),"St Johns") -> St Johns | C21: =IFERROR(__xludf.DUMMYFUNCTION("""COMPUTED_VALUE"""),"Sustain") -> Sustain | D21: =IFERROR(__xludf.DUMMYFUNCTION("""COMPUTED_VALUE"""),"Elder") -> Elder | E21: =IFERROR(__xludf.DUMMYFUNCTION("""COMPUTED_VALUE"""),"Complete") -> Complete | F21: =IFERROR(__xludf.DUMMYFUNCTION("""COMPUTED_VALUE"""),45536.0) -> 45536
A22: =IFERROR(__xludf.DUMMYFUNCTION("""COMPUTED_VALUE"""),"Mark Bell") -> Mark Bell | B22: =IFERROR(__xludf.DUMMYFUNCTION("""COMPUTED_VALUE"""),"Holt") -> Holt | C22: =IFERROR(__xludf.DUMMYFUNCTION("""COMPUTED_VALUE"""),"Sustain") -> Sustain | D22: =IFERROR(__xludf.DUMMYFUNCTION("""COMPUTED_VALUE"""),"High Priest") -> High Priest | E22: =IFERROR(__xludf.DUMMYFUNCTION("""COMPUTED_VALUE"""),"Complete") -> Complete | F22: =IFERROR(__xludf.DUMMYFUNCTION("""COMPUTED_VALUE"""),45536.0) -> 45536
A23: =IFERROR(__xludf.DUMMYFUNCTION("""COMPUTED_VALUE"""),"Nick Warren") -> Nick Warren | B23: =IFERROR(__xludf.DUMMYFUNCTION("""COMPUTED_VALUE"""),"Lansing") -> Lansing | C23: =IFERROR(__xludf.DUMMYFUNCTION("""COMPUTED_VALUE"""),"Release & Thank") -> Release & Thank | D23: =IFERROR(__xludf.DUMMYFUNCTION("""COMPUTED_VALUE"""),"Stake High Councilor") -> Stake High Councilor | E23: =IFERROR(__xludf.DUMMYFUNCTION("""COMPUTED_VALUE"""),"Complete") -> Complete | F23: =IFERROR(__xludf.DUMMYFUNCTION("""COMPUTED_VALUE"""),45536.0) -> 45536
A24: =IFERROR(__xludf.DUMMYFUNCTION("""COMPUTED_VALUE"""),"Ken Bills") -> Ken Bills | B24: =IFERROR(__xludf.DUMMYFUNCTION("""COMPUTED_VALUE"""),"Williamston") -> Williamston | C24: =IFERROR(__xludf.DUMMYFUNCTION("""COMPUTED_VALUE"""),"Sustain") -> Sustain | D24: =IFERROR(__xludf.DUMMYFUNCTION("""COMPUTED_VALUE"""),"Stake High Councilor") -> Stake High Councilor | E24: =IFERROR(__xludf.DUMMYFUNCTION("""COMPUTED_VALUE"""),"Complete") -> Complete | F24: =IFERROR(__xludf.DUMMYFUNCTION("""COMPUTED_VALUE"""),45536.0) -> 45536
A25: =IFERROR(__xludf.DUMMYFUNCTION("""COMPUTED_VALUE"""),"Ian McCrary") -> Ian McCrary | B25: =IFERROR(__xludf.DUMMYFUNCTION("""COMPUTED_VALUE"""),"Lansing") -> Lansing | C25: =IFERROR(__xludf.DUMMYFUNCTION("""COMPUTED_VALUE"""),"Sustain") -> Sustain | D25: =IFERROR(__xludf.DUMMYFUNCTION("""COMPUTED_VALUE"""),"Stake High Councilor") -> Stake High Councilor | E25: =IFERROR(__xludf.DUMMYFUNCTION("""COMPUTED_VALUE"""),"Complete") -> Complete | F25: =IFERROR(__xludf.DUMMYFUNCTION("""COMPUTED_VALUE"""),45536.0) -> 45536
A26: =IFERROR(__xludf.DUMMYFUNCTION("""COMPUTED_VALUE"""),"Doug Neil") -> Doug Neil | B26: =IFERROR(__xludf.DUMMYFUNCTION("""COMPUTED_VALUE"""),"Williamston") -> Williamston | C26: =IFERROR(__xludf.DUMMYFUNCTION("""COMPUTED_VALUE"""),"Release & Thank") -> Release & Thank | D26: =IFERROR(__xludf.DUMMYFUNCTION("""COMPUTED_VALUE"""),"Asst. Stake Clerk - Finance") -> Asst. Stake Clerk - Finance | E26: =IFERROR(__xludf.DUMMYFUNCTION("""COMPUTED_VALUE"""),"Complete") -> Complete | F26: =IFERROR(__xludf.DUMMYFUNCTION("""COMPUTED_VALUE"""),45536.0) -> 45536
A27: =IFERROR(__xludf.DUMMYFUNCTION("""COMPUTED_VALUE"""),"Don Ward") -> Don Ward | B27: =IFERROR(__xludf.DUMMYFUNCTION("""COMPUTED_VALUE"""),"Williamston") -> Williamston | C27: =IFERROR(__xludf.DUMMYFUNCTION("""COMPUTED_VALUE"""),"Sustain") -> Sustain | D27: =IFERROR(__xludf.DUMMYFUNCTION("""COMPUTED_VALUE"""),"Asst. Stake Clerk - Finance") -> Asst. Stake Clerk - Finance | E27: =IFERROR(__xludf.DUMMYFUNCTION("""COMPUTED_VALUE"""),"Complete") -> Complete | F27: =IFERROR(__xludf.DUMMYFUNCTION("""COMPUTED_VALUE"""),45536.0) -> 45536
A28: =IFERROR(__xludf.DUMMYFUNCTION("""COMPUTED_VALUE"""),"Landon Bartlett") -> Landon Bartlett | B28: =IFERROR(__xludf.DUMMYFUNCTION("""COMPUTED_VALUE"""),"Williamston") -> Williamston | C28: =IFERROR(__xludf.DUMMYFUNCTION("""COMPUTED_VALUE"""),"Release & Thank") -> Release & Thank | D28: =IFERROR(__xludf.DUMMYFUNCTION("""COMPUTED_VALUE"""),"Stake High Councilor - YM 2nd Counselor") -> Stake High Councilor - YM 2nd Counselor | E28: =IFERROR(__xludf.DUMMYFUNCTION("""COMPUTED_VALUE"""),"Complete") -> Complete | F28: =IFERROR(__xludf.DUMMYFUNCTION("""COMPUTED_VALUE"""),45536.0) -> 45536
A29: =IFERROR(__xludf.DUMMYFUNCTION("""COMPUTED_VALUE"""),"Mark Bell") -> Mark Bell | B29: =IFERROR(__xludf.DUMMYFUNCTION("""COMPUTED_VALUE"""),"Holt") -> Holt | C29: =IFERROR(__xludf.DUMMYFUNCTION("""COMPUTED_VALUE"""),"Sustain") -> Sustain | D29: =IFERROR(__xludf.DUMMYFUNCTION("""COMPUTED_VALUE"""),"Stake High Councilor - YM 2nd Counselor") -> Stake High Councilor - YM 2nd Counselor | E29: =IFERROR(__xludf.DUMMYFUNCTION("""COMPUTED_VALUE"""),"Complete") -> Complete | F29: =IFERROR(__xludf.DUMMYFUNCTION("""COMPUTED_VALUE"""),45536.0) -> 45536
A30: =IFERROR(__xludf.DUMMYFUNCTION("""COMPUTED_VALUE"""),"Calvin Vos") -> Calvin Vos | B30: =IFERROR(__xludf.DUMMYFUNCTION("""COMPUTED_VALUE"""),"YSA") -> YSA | C30: =IFERROR(__xludf.DUMMYFUNCTION("""COMPUTED_VALUE"""),"Release & Thank") -> Release & Thank | D30: =IFERROR(__xludf.DUMMYFUNCTION("""COMPUTED_VALUE"""),"Stake Assistant executive security") -> Stake Assistant executive security | E30: =IFERROR(__xludf.DUMMYFUNCTION("""COMPUTED_VALUE"""),"Complete") -> Complete | F30: =IFERROR(__xludf.DUMMYFUNCTION("""COMPUTED_VALUE"""),45536.0) -> 45536
A31: =IFERROR(__xludf.DUMMYFUNCTION("""COMPUTED_VALUE"""),"David Hall") -> David Hall | B31: =IFERROR(__xludf.DUMMYFUNCTION("""COMPUTED_VALUE"""),"Williamston") -> Williamston | C31: =IFERROR(__xludf.DUMMYFUNCTION("""COMPUTED_VALUE"""),"Release & Thank") -> Release & Thank | D31: =IFERROR(__xludf.DUMMYFUNCTION("""COMPUTED_VALUE"""),"Stake High Council") -> Stake High Council | E31: =IFERROR(__xludf.DUMMYFUNCTION("""COMPUTED_VALUE"""),"Complete") -> Complete | F31: =IFERROR(__xludf.DUMMYFUNCTION("""COMPUTED_VALUE"""),45536.0) -> 45536
A32: =IFERROR(__xludf.DUMMYFUNCTION("""COMPUTED_VALUE"""),"Tom and Stephanie Smith") -> Tom and Stephanie Smith | B32: =IFERROR(__xludf.DUMMYFUNCTION("""COMPUTED_VALUE"""),"St Johns") -> St Johns | C32: =IFERROR(__xludf.DUMMYFUNCTION("""COMPUTED_VALUE"""),"Release & Thank") -> Release & Thank | D32: =IFERROR(__xludf.DUMMYFUNCTION("""COMPUTED_VALUE"""),"Stake Single Adult Advisers") -> Stake Single Adult Advisers | E32: =IFERROR(__xludf.DUMMYFUNCTION("""COMPUTED_VALUE"""),"Complete") -> Complete | F32: =IFERROR(__xludf.DUMMYFUNCTION("""COMPUTED_VALUE"""),45536.0) -> 45536
A33: =IFERROR(__xludf.DUMMYFUNCTION("""COMPUTED_VALUE"""),"David Hall") -> David Hall | B33: =IFERROR(__xludf.DUMMYFUNCTION("""COMPUTED_VALUE"""),"Williamston") -> Williamston | C33: =IFERROR(__xludf.DUMMYFUNCTION("""COMPUTED_VALUE"""),"Sustain") -> Sustain | D33: =IFERROR(__xludf.DUMMYFUNCTION("""COMPUTED_VALUE"""),"Stake YM Specialist") -> Stake YM Specialist | E33: =IFERROR(__xludf.DUMMYFUNCTION("""COMPUTED_VALUE"""),"Complete") -> Complete | F33: =IFERROR(__xludf.DUMMYFUNCTION("""COMPUTED_VALUE"""),45536.0) -> 45536
A34: =IFERROR(__xludf.DUMMYFUNCTION("""COMPUTED_VALUE"""),"Barry Godwin") -> Barry Godwin | B34: =IFERROR(__xludf.DUMMYFUNCTION("""COMPUTED_VALUE"""),"Williamston") -> Williamston | C34: =IFERROR(__xludf.DUMMYFUNCTION("""COMPUTED_VALUE"""),"Sustain") -> Sustain | D34: =IFERROR(__xludf.DUMMYFUNCTION("""COMPUTED_VALUE"""),"Stake Single Adult Representative") -> Stake Single Adult Representative | E34: =IFERROR(__xludf.DUMMYFUNCTION("""COMPUTED_VALUE"""),"Complete") -> Complete | F34: =IFERROR(__xludf.DUMMYFUNCTION("""COMPUTED_VALUE"""),45536.0) -> 45536
A35: =IFERROR(__xludf.DUMMYFUNCTION("""COMPUTED_VALUE"""),"Conan Heiselt") -> Conan Heiselt | B35: =IFERROR(__xludf.DUMMYFUNCTION("""COMPUTED_VALUE"""),"Holt") -> Holt | C35: =IFERROR(__xludf.DUMMYFUNCTION("""COMPUTED_VALUE"""),"Sustain") -> Sustain | D35: =IFERROR(__xludf.DUMMYFUNCTION("""COMPUTED_VALUE"""),"Stake Technology Specialist") -> Stake Technology Specialist | E35: =IFERROR(__xludf.DUMMYFUNCTION("""COMPUTED_VALUE"""),"Complete") -> Complete | F35: =IFERROR(__xludf.DUMMYFUNCTION("""COMPUTED_VALUE"""),45536.0) -> 45536
A36: =IFERROR(__xludf.DUMMYFUNCTION("""COMPUTED_VALUE"""),"Noah Wood") -> Noah Wood | B36: =IFERROR(__xludf.DUMMYFUNCTION("""COMPUTED_VALUE"""),"Jackson") -> Jackson | C36: =IFERROR(__xludf.DUMMYFUNCTION("""COMPUTED_VALUE"""),"Sustain") -> Sustain | D36: =IFERROR(__xludf.DUMMYFUNCTION("""COMPUTED_VALUE"""),"Elder") -> Elder | E36: =IFERROR(__xludf.DUMMYFUNCTION("""COMPUTED_VALUE"""),"Complete") -> Complete | F36: =IFERROR(__xludf.DUMMYFUNCTION("""COMPUTED_VALUE"""),45536.0) -> 45536
A37: =IFERROR(__xludf.DUMMYFUNCTION("""COMPUTED_VALUE"""),"Travis Sybrowsky") -> Travis Sybrowsky | B37: =IFERROR(__xludf.DUMMYFUNCTION("""COMPUTED_VALUE"""),"Portland") -> Portland | C37: =IFERROR(__xludf.DUMMYFUNCTION("""COMPUTED_VALUE"""),"Sustain") -> Sustain | D37: =IFERROR(__xludf.DUMMYFUNCTION("""COMPUTED_VALUE"""),"Stake Seminary Teacher") -> Stake Seminary Teacher | E37: =IFERROR(__xludf.DUMMYFUNCTION("""COMPUTED_VALUE"""),"Complete") -> Complete | F37: =IFERROR(__xludf.DUMMYFUNCTION("""COMPUTED_VALUE"""),45536.0) -> 45536
A38: =IFERROR(__xludf.DUMMYFUNCTION("""COMPUTED_VALUE"""),"Sister Michael (Mickey) Jeanne Tuelle") -> Sister Michael (Mickey) Jeanne Tuelle | B38: =IFERROR(__xludf.DUMMYFUNCTION("""COMPUTED_VALUE"""),"Charlotte") -> Charlotte | C38: =IFERROR(__xludf.DUMMYFUNCTION("""COMPUTED_VALUE"""),"Sustain") -> Sustain | D38: =IFERROR(__xludf.DUMMYFUNCTION("""COMPUTED_VALUE"""),"Stake Single Adult Representative") -> Stake Single Adult Representative | E38: =IFERROR(__xludf.DUMMYFUNCTION("""COMPUTED_VALUE"""),"Complete") -> Complete | F38: =IFERROR(__xludf.DUMMYFUNCTION("""COMPUTED_VALUE"""),45352.0) -> 45352
A39: =IFERROR(__xludf.DUMMYFUNCTION("""COMPUTED_VALUE"""),"Bonnie Robison") -> Bonnie Robison | B39: =IFERROR(__xludf.DUMMYFUNCTION("""COMPUTED_VALUE"""),"Williamston") -> Williamston | C39: =IFERROR(__xludf.DUMMYFUNCTION("""COMPUTED_VALUE"""),"Sustain") -> Sustain | D39: =IFERROR(__xludf.DUMMYFUNCTION("""COMPUTED_VALUE"""),"Stake Communication Council Specialist") -> Stake Communication Council Specialist | E39: =IFERROR(__xludf.DUMMYFUNCTION("""COMPUTED_VALUE"""),"Complete") -> Complete | F39: =IFERROR(__xludf.DUMMYFUNCTION("""COMPUTED_VALUE"""),45352.0) -> 45352
A40: =IFERROR(__xludf.DUMMYFUNCTION("""COMPUTED_VALUE"""),"Melissa Heiselt") -> Melissa Heiselt | B40: =IFERROR(__xludf.DUMMYFUNCTION("""COMPUTED_VALUE"""),"Holt") -> Holt | C40: =IFERROR(__xludf.DUMMYFUNCTION("""COMPUTED_VALUE"""),"Release & Thank") -> Release & Thank | D40: =IFERROR(__xludf.DUMMYFUNCTION("""COMPUTED_VALUE"""),"Stake Primary Secretary") -> Stake Primary Secretary | E40: =IFERROR(__xludf.DUMMYFUNCTION("""COMPUTED_VALUE"""),"Complete") -> Complete | F40: =IFERROR(__xludf.DUMMYFUNCTION("""COMPUTED_VALUE"""),45352.0) -> 45352
A41: =IFERROR(__xludf.DUMMYFUNCTION("""COMPUTED_VALUE"""),"Karen Fitch") -> Karen Fitch | B41: =IFERROR(__xludf.DUMMYFUNCTION("""COMPUTED_VALUE"""),"Williamston") -> Williamston | C41: =IFERROR(__xludf.DUMMYFUNCTION("""COMPUTED_VALUE"""),"Sustain") -> Sustain | D41: =IFERROR(__xludf.DUMMYFUNCTION("""COMPUTED_VALUE"""),"Stake Primary Secretary") -> Stake Primary Secretary | E41: =IFERROR(__xludf.DUMMYFUNCTION("""COMPUTED_VALUE"""),"Complete") -> Complete | F41: =IFERROR(__xludf.DUMMYFUNCTION("""COMPUTED_VALUE"""),45352.0) -> 45352
A42: =IFERROR(__xludf.DUMMYFUNCTION("""COMPUTED_VALUE"""),"Calvin Vos") -> Calvin Vos | B42: =IFERROR(__xludf.DUMMYFUNCTION("""COMPUTED_VALUE"""),"Lansing") -> Lansing | C42: =IFERROR(__xludf.DUMMYFUNCTION("""COMPUTED_VALUE"""),"Sustain") -> Sustain | D42: =IFERROR(__xludf.DUMMYFUNCTION("""COMPUTED_VALUE"""),"Stake Assistant Executive Secretary") -> Stake Assistant Executive Secretary | E42: =IFERROR(__xludf.DUMMYFUNCTION("""COMPUTED_VALUE"""),"Complete") -> Complete | F42: =IFERROR(__xludf.DUMMYFUNCTION("""COMPUTED_VALUE"""),45352.0) -> 45352
A43: =IFERROR(__xludf.DUMMYFUNCTION("""COMPUTED_VALUE"""),"Kristi Weber") -> Kristi Weber | B43: =IFERROR(__xludf.DUMMYFUNCTION("""COMPUTED_VALUE"""),"St Johns") -> St Johns | C43: =IFERROR(__xludf.DUMMYFUNCTION("""COMPUTED_VALUE"""),"Release & Thank") -> Release & Thank | D43: =IFERROR(__xludf.DUMMYFUNCTION("""COMPUTED_VALUE"""),"Stake For the Strength of Youth Rep") -> Stake For the Strength of Youth Rep | E43: =IFERROR(__xludf.DUMMYFUNCTION("""COMPUTED_VALUE"""),"Complete") -> Complete | F43: =IFERROR(__xludf.DUMMYFUNCTION("""COMPUTED_VALUE"""),45352.0) -> 45352
A44: =IFERROR(__xludf.DUMMYFUNCTION("""COMPUTED_VALUE"""),"Nate Jones") -> Nate Jones | B44: =IFERROR(__xludf.DUMMYFUNCTION("""COMPUTED_VALUE"""),"St Johns") -> St Johns | C44: =IFERROR(__xludf.DUMMYFUNCTION("""COMPUTED_VALUE"""),"Sustain") -> Sustain | D44: =IFERROR(__xludf.DUMMYFUNCTION("""COMPUTED_VALUE"""),"Stake For the Strength of Youth Rep") -> Stake For the Strength of Youth Rep | E44: =IFERROR(__xludf.DUMMYFUNCTION("""COMPUTED_VALUE"""),"Complete") -> Complete | F44: =IFERROR(__xludf.DUMMYFUNCTION("""COMPUTED_VALUE"""),45352.0) -> 45352
A45: =IFERROR(__xludf.DUMMYFUNCTION("""COMPUTED_VALUE"""),"Brit Quarnberg Fathi") -> Brit Quarnberg Fathi | B45: =IFERROR(__xludf.DUMMYFUNCTION("""COMPUTED_VALUE"""),"Holt") -> Holt | C45: =IFERROR(__xludf.DUMMYFUNCTION("""COMPUTED_VALUE"""),"Release & Thank") -> Release & Thank | D45: =IFERROR(__xludf.DUMMYFUNCTION("""COMPUTED_VALUE"""),"Stake Relief Society 2nd Counselor") -> Stake Relief Society 2nd Counselor | E45: =IFERROR(__xludf.DUMMYFUNCTION("""COMPUTED_VALUE"""),"Complete") -> Complete | F45: =IFERROR(__xludf.DUMMYFUNCTION("""COMPUTED_VALUE"""),45170.0) -> 45170
A46: =IFERROR(__xludf.DUMMYFUNCTION("""COMPUTED_VALUE"""),"Holly Hickman") -> Holly Hickman | B46: =IFERROR(__xludf.DUMMYFUNCTION("""COMPUTED_VALUE"""),"Lansing") -> Lansing | C46: =IFERROR(__xludf.DUMMYFUNCTION("""COMPUTED_VALUE"""),"Sustain") -> Sustain | D46: =IFERROR(__xludf.DUMMYFUNCTION("""COMPUTED_VALUE"""),"Stake Relief Society 2nd Counselor") -> Stake Relief Society 2nd Counselor | E46: =IFERROR(__xludf.DUMMYFUNCTION("""COMPUTED_VALUE"""),"Complete") -> Complete | F46: =IFERROR(__xludf.DUMMYFUNCTION("""COMPUTED_VALUE"""),45170.0) -> 45170
A47: =IFERROR(__xludf.DUMMYFUNCTION("""COMPUTED_VALUE"""),"Dawn Meadows") -> Dawn Meadows | B47: =IFERROR(__xludf.DUMMYFUNCTION("""COMPUTED_VALUE"""),"Williamston") -> Williamston | C47: =IFERROR(__xludf.DUMMYFUNCTION("""COMPUTED_VALUE"""),"Sustain") -> Sustain | D47: =IFERROR(__xludf.DUMMYFUNCTION("""COMPUTED_VALUE"""),"Assistant Just Serve Coordinator") -> Assistant Just Serve Coordinator | E47: =IFERROR(__xludf.DUMMYFUNCTION("""COMPUTED_VALUE"""),"Complete") -> Complete | F47: =IFERROR(__xludf.DUMMYFUNCTION("""COMPUTED_VALUE"""),45170.0) -> 45170
A48: =IFERROR(__xludf.DUMMYFUNCTION("""COMPUTED_VALUE"""),"Eric Hunter") -> Eric Hunter | B48: =IFERROR(__xludf.DUMMYFUNCTION("""COMPUTED_VALUE"""),"Williamston") -> Williamston | C48: =IFERROR(__xludf.DUMMYFUNCTION("""COMPUTED_VALUE"""),"Release & Thank") -> Release & Thank | D48: =IFERROR(__xludf.DUMMYFUNCTION("""COMPUTED_VALUE"""),"Stake High Councilor and Stake Young Men President") -> Stake High Councilor and Stake Young Men President | E48: =IFERROR(__xludf.DUMMYFUNCTION("""COMPUTED_VALUE"""),"Complete") -> Complete | F48: =IFERROR(__xludf.DUMMYFUNCTION("""COMPUTED_VALUE"""),45170.0) -> 45170
A49: =IFERROR(__xludf.DUMMYFUNCTION("""COMPUTED_VALUE"""),"Curtis Ferrin") -> Curtis Ferrin | B49: =IFERROR(__xludf.DUMMYFUNCTION("""COMPUTED_VALUE"""),"Lansing") -> Lansing | C49: =IFERROR(__xludf.DUMMYFUNCTION("""COMPUTED_VALUE"""),"Sustain") -> Sustain | D49: =IFERROR(__xludf.DUMMYFUNCTION("""COMPUTED_VALUE"""),"Stake High Councilor and Stake Young Men President") -> Stake High Councilor and Stake Young Men President | E49: =IFERROR(__xludf.DUMMYFUNCTION("""COMPUTED_VALUE"""),"Complete") -> Complete | F49: =IFERROR(__xludf.DUMMYFUNCTION("""COMPUTED_VALUE"""),45170.0) -> 45170
A50: =IFERROR(__xludf.DUMMYFUNCTION("""COMPUTED_VALUE"""),"Brooke Judd") -> Brooke Judd | B50: =IFERROR(__xludf.DUMMYFUNCTION("""COMPUTED_VALUE"""),"Charlotte") -> Charlotte | C50: =IFERROR(__xludf.DUMMYFUNCTION("""COMPUTED_VALUE"""),"Release & Thank") -> Release & Thank | D50: =IFERROR(__xludf.DUMMYFUNCTION("""COMPUTED_VALUE"""),"Stake Communication Director") -> Stake Communication Director | E50: =IFERROR(__xludf.DUMMYFUNCTION("""COMPUTED_VALUE"""),"Complete") -> Complete | F50: =IFERROR(__xludf.DUMMYFUNCTION("""COMPUTED_VALUE"""),45170.0) -> 45170
A51: =IFERROR(__xludf.DUMMYFUNCTION("""COMPUTED_VALUE"""),"Stephanie Farero") -> Stephanie Farero | B51: =IFERROR(__xludf.DUMMYFUNCTION("""COMPUTED_VALUE"""),"Holt") -> Holt | C51: =IFERROR(__xludf.DUMMYFUNCTION("""COMPUTED_VALUE"""),"Sustain") -> Sustain | D51: =IFERROR(__xludf.DUMMYFUNCTION("""COMPUTED_VALUE"""),"Stake Communication Director") -> Stake Communication Director | E51: =IFERROR(__xludf.DUMMYFUNCTION("""COMPUTED_VALUE"""),"Complete") -> Complete | F51: =IFERROR(__xludf.DUMMYFUNCTION("""COMPUTED_VALUE"""),45170.0) -> 45170
A52: =IFERROR(__xludf.DUMMYFUNCTION("""COMPUTED_VALUE"""),"Don & Nancy Ward") -> Don & Nancy Ward | B52: =IFERROR(__xludf.DUMMYFUNCTION("""COMPUTED_VALUE"""),"Williamston") -> Williamston | C52: =IFERROR(__xludf.DUMMYFUNCTION("""COMPUTED_VALUE"""),"Sustain") -> Sustain | D52: =IFERROR(__xludf.DUMMYFUNCTION("""COMPUTED_VALUE"""),"Stake Clothing Distribution Specialists") -> Stake Clothing Distribution Specialists | E52: =IFERROR(__xludf.DUMMYFUNCTION("""COMPUTED_VALUE"""),"Complete") -> Complete | F52: =IFERROR(__xludf.DUMMYFUNCTION("""COMPUTED_VALUE"""),45170.0) -> 45170
A53: =IFERROR(__xludf.DUMMYFUNCTION("""COMPUTED_VALUE"""),"Victoria Hall") -> Victoria Hall | B53: =IFERROR(__xludf.DUMMYFUNCTION("""COMPUTED_VALUE"""),"Williamston") -> Williamston | C53: =IFERROR(__xludf.DUMMYFUNCTION("""COMPUTED_VALUE"""),"Sustain") -> Sustain | D53: =IFERROR(__xludf.DUMMYFUNCTION("""COMPUTED_VALUE"""),"Stake YW 2nd Counselor") -> Stake YW 2nd Counselor | E53: =IFERROR(__xludf.DUMMYFUNCTION("""COMPUTED_VALUE"""),"Complete") -> Complete | F53: =IFERROR(__xludf.DUMMYFUNCTION("""COMPUTED_VALUE"""),45170.0) -> 45170
A54: =IFERROR(__xludf.DUMMYFUNCTION("""COMPUTED_VALUE"""),"Brandon Howard") -> Brandon Howard | B54: =IFERROR(__xludf.DUMMYFUNCTION("""COMPUTED_VALUE"""),"Lansing") -> Lansing | C54: =IFERROR(__xludf.DUMMYFUNCTION("""COMPUTED_VALUE"""),"Sustain") -> Sustain | D54: =IFERROR(__xludf.DUMMYFUNCTION("""COMPUTED_VALUE"""),"Stake YM Secretary") -> Stake YM Secretary | E54: =IFERROR(__xludf.DUMMYFUNCTION("""COMPUTED_VALUE"""),"Complete") -> Complete | F54: =IFERROR(__xludf.DUMMYFUNCTION("""COMPUTED_VALUE"""),45170.0) -> 45170
A55: =IFERROR(__xludf.DUMMYFUNCTION("""COMPUTED_VALUE"""),"Laura Hunter") -> Laura Hunter | B55: =IFERROR(__xludf.DUMMYFUNCTION("""COMPUTED_VALUE"""),"Williamston") -> Williamston | C55: =IFERROR(__xludf.DUMMYFUNCTION("""COMPUTED_VALUE"""),"Release & Thank") -> Release & Thank | D55: =IFERROR(__xludf.DUMMYFUNCTION("""COMPUTED_VALUE"""),"Stake Primary 2nd Counselor") -> Stake Primary 2nd Counselor | E55: =IFERROR(__xludf.DUMMYFUNCTION("""COMPUTED_VALUE"""),"Complete") -> Complete | F55: =IFERROR(__xludf.DUMMYFUNCTION("""COMPUTED_VALUE"""),45170.0) -> 45170
A56: =IFERROR(__xludf.DUMMYFUNCTION("""COMPUTED_VALUE"""),"Cheryl Kelly") -> Cheryl Kelly | B56: =IFERROR(__xludf.DUMMYFUNCTION("""COMPUTED_VALUE"""),"Williamston") -> Williamston | C56: =IFERROR(__xludf.DUMMYFUNCTION("""COMPUTED_VALUE"""),"Sustain") -> Sustain | D56: =IFERROR(__xludf.DUMMYFUNCTION("""COMPUTED_VALUE"""),"Stake Primary 2nd Counselor") -> Stake Primary 2nd Counselor | E56: =IFERROR(__xludf.DUMMYFUNCTION("""COMPUTED_VALUE"""),"Complete") -> Complete | F56: =IFERROR(__xludf.DUMMYFUNCTION("""COMPUTED_VALUE"""),45170.0) -> 45170
A57: =IFERROR(__xludf.DUMMYFUNCTION("""COMPUTED_VALUE"""),"Carla Moore") -> Carla Moore | B57: =IFERROR(__xludf.DUMMYFUNCTION("""COMPUTED_VALUE"""),"St Johns") -> St Johns | C57: =IFERROR(__xludf.DUMMYFUNCTION("""COMPUTED_VALUE"""),"Release & Thank") -> Release & Thank | D57: =IFERROR(__xludf.DUMMYFUNCTION("""COMPUTED_VALUE"""),"Stake RS Secretary") -> Stake RS Secretary | E57: =IFERROR(__xludf.DUMMYFUNCTION("""COMPUTED_VALUE"""),"Complete") -> Complete | F57: =IFERROR(__xludf.DUMMYFUNCTION("""COMPUTED_VALUE"""),45170.0) -> 45170
A58: =IFERROR(__xludf.DUMMYFUNCTION("""COMPUTED_VALUE"""),"Kirsten Rawson") -> Kirsten Rawson | B58: =IFERROR(__xludf.DUMMYFUNCTION("""COMPUTED_VALUE"""),"Williamston") -> Williamston | C58: =IFERROR(__xludf.DUMMYFUNCTION("""COMPUTED_VALUE"""),"Sustain") -> Sustain | D58: =IFERROR(__xludf.DUMMYFUNCTION("""COMPUTED_VALUE"""),"Stake RS Secretary") -> Stake RS Secretary | E58: =IFERROR(__xludf.DUMMYFUNCTION("""COMPUTED_VALUE"""),"Complete") -> Complete | F58: =IFERROR(__xludf.DUMMYFUNCTION("""COMPUTED_VALUE"""),45170.0) -> 45170
A59: =IFERROR(__xludf.DUMMYFUNCTION("""COMPUTED_VALUE"""),"Thomas Smith") -> Thomas Smith | B59: =IFERROR(__xludf.DUMMYFUNCTION("""COMPUTED_VALUE"""),"St Johns") -> St Johns | C59: =IFERROR(__xludf.DUMMYFUNCTION("""COMPUTED_VALUE"""),"Release & Thank") -> Release & Thank | D59: =IFERROR(__xludf.DUMMYFUNCTION("""COMPUTED_VALUE"""),"Stake High Councilor") -> Stake High Councilor | E59: =IFERROR(__xludf.DUMMYFUNCTION("""COMPUTED_VALUE"""),"Complete") -> Complete | F59: =IFERROR(__xludf.DUMMYFUNCTION("""COMPUTED_VALUE"""),45170.0) -> 45170
A60: =IFERROR(__xludf.DUMMYFUNCTION("""COMPUTED_VALUE"""),"David Hall") -> David Hall | B60: =IFERROR(__xludf.DUMMYFUNCTION("""COMPUTED_VALUE"""),"Williamston") -> Williamston | C60: =IFERROR(__xludf.DUMMYFUNCTION("""COMPUTED_VALUE"""),"Sustain") -> Sustain | D60: =IFERROR(__xludf.DUMMYFUNCTION("""COMPUTED_VALUE"""),"Stake High Councilor") -> Stake High Councilor | E60: =IFERROR(__xludf.DUMMYFUNCTION("""COMPUTED_VALUE"""),"Complete") -> Complete | F60: =IFERROR(__xludf.DUMMYFUNCTION("""COMPUTED_VALUE"""),45170.0) -> 45170
A61: =IFERROR(__xludf.DUMMYFUNCTION("""COMPUTED_VALUE"""),"Julie Potter") -> Julie Potter | B61: =IFERROR(__xludf.DUMMYFUNCTION("""COMPUTED_VALUE"""),"Holt") -> Holt | C61: =IFERROR(__xludf.DUMMYFUNCTION("""COMPUTED_VALUE"""),"Release & Thank") -> Release & Thank | D61: =IFERROR(__xludf.DUMMYFUNCTION("""COMPUTED_VALUE"""),"Stake Single Adult Representative") -> Stake Single Adult Representative | E61: =IFERROR(__xludf.DUMMYFUNCTION("""COMPUTED_VALUE"""),"Complete") -> Complete | F61: =IFERROR(__xludf.DUMMYFUNCTION("""COMPUTED_VALUE"""),45170.0) -> 45170
A62: =IFERROR(__xludf.DUMMYFUNCTION("""COMPUTED_VALUE"""),"Jakob Bartlett") -> Jakob Bartlett | B62: =IFERROR(__xludf.DUMMYFUNCTION("""COMPUTED_VALUE"""),"Lansing") -> Lansing | C62: =IFERROR(__xludf.DUMMYFUNCTION("""COMPUTED_VALUE"""),"Release & Thank") -> Release & Thank | D62: =IFERROR(__xludf.DUMMYFUNCTION("""COMPUTED_VALUE"""),"Seminary and Institute Teacher") -> Seminary and Institute Teacher | E62: =IFERROR(__xludf.DUMMYFUNCTION("""COMPUTED_VALUE"""),"Complete") -> Complete | F62: =IFERROR(__xludf.DUMMYFUNCTION("""COMPUTED_VALUE"""),45170.0) -> 45170
A63: =IFERROR(__xludf.DUMMYFUNCTION("""COMPUTED_VALUE"""),"Bethany Jeffery") -> Bethany Jeffery | B63: =IFERROR(__xludf.DUMMYFUNCTION("""COMPUTED_VALUE"""),"Williamston") -> Williamston | C63: =IFERROR(__xludf.DUMMYFUNCTION("""COMPUTED_VALUE"""),"Release & Thank") -> Release & Thank | D63: =IFERROR(__xludf.DUMMYFUNCTION("""COMPUTED_VALUE"""),"Seminary Teacher") -> Seminary Teacher | E63: =IFERROR(__xludf.DUMMYFUNCTION("""COMPUTED_VALUE"""),"Complete") -> Complete | F63: =IFERROR(__xludf.DUMMYFUNCTION("""COMPUTED_VALUE"""),45170.0) -> 45170
A64: =IFERROR(__xludf.DUMMYFUNCTION("""COMPUTED_VALUE"""),"George and Colleen Owen") -> George and Colleen Owen | B64: =IFERROR(__xludf.DUMMYFUNCTION("""COMPUTED_VALUE"""),"Williamston") -> Williamston | C64: =IFERROR(__xludf.DUMMYFUNCTION("""COMPUTED_VALUE"""),"Sustain") -> Sustain | D64: =IFERROR(__xludf.DUMMYFUNCTION("""COMPUTED_VALUE"""),"Seminary Teachers") -> Seminary Teachers | E64: =IFERROR(__xludf.DUMMYFUNCTION("""COMPUTED_VALUE"""),"Complete") -> Complete | F64: =IFERROR(__xludf.DUMMYFUNCTION("""COMPUTED_VALUE"""),45170.0) -> 45170
A65: =IFERROR(__xludf.DUMMYFUNCTION("""COMPUTED_VALUE"""),"Ginger Piatt") -> Ginger Piatt | B65: =IFERROR(__xludf.DUMMYFUNCTION("""COMPUTED_VALUE"""),"Holt") -> Holt | C65: =IFERROR(__xludf.DUMMYFUNCTION("""COMPUTED_VALUE"""),"Sustain") -> Sustain | D65: =IFERROR(__xludf.DUMMYFUNCTION("""COMPUTED_VALUE"""),"Institute Teacher") -> Institute Teacher | E65: =IFERROR(__xludf.DUMMYFUNCTION("""COMPUTED_VALUE"""),"Complete") -> Complete | F65: =IFERROR(__xludf.DUMMYFUNCTION("""COMPUTED_VALUE"""),45170.0) -> 45170

Sheet Old Sustainings
A1: Callings & Releases for Sustaining/Thanking in Units
A2: “[Name] has been called as [position], and we propose that he [or she] be sustained. Those in favor may manifest it by the uplifted hand. [Pause briefly for the sustaining vote.] Those opposed, if any, may manifest it. [Pause briefly to allow for a dissenting vote, if any.]” “[Name] has been released as [position], and we propose that he [or she] be given a vote of thanks for his [or her] service. Those who wish to express their appreciation may manifest it by the uplifted hand.” (No dissenting vote is called for.) Please check the box for your unit when the sustain/release has been completed in the unit.
A3: Individual | B3: Unit | C3: Action | D3: Calling | E3: Charlotte | F3: YSA | G3: Holt | H3: Jackson | I3: Lansing | J3: Owosso | K3: Portland | L3: St Johns | M3: Williamston | N3: Percent | P3: Sustained / released in Stake Conference
A4: Allen Scheck | B4: Williamston Ward | C4: Release & Thank | D4: Stake Executive Secretary | E4: TRUE | F4: FALSE | G4: TRUE | H4: TRUE | I4: FALSE | J4: TRUE | K4: TRUE | L4: TRUE | M4: TRUE | N4: =IF(A4="","",COUNTIF(E4:M4,TRUE)/COUNTA(E4:M4)) -> 0.77777778
A5: Chris Hilgendorf | B5: Williamston Ward | C5: Sustain | D5: Stake Executive Secretary | E5: TRUE | F5: FALSE | G5: TRUE | H5: TRUE | I5: FALSE | J5: TRUE | K5: TRUE | L5: TRUE | M5: TRUE | N5: =IF(A5="","",COUNTIF(E5:M5,TRUE)/COUNTA(E5:M5)) -> 0.77777778
E6: FALSE | F6: FALSE | G6: FALSE | H6: FALSE | I6: FALSE | J6: FALSE | K6: FALSE | L6: FALSE | M6: FALSE | N6: =IF(A6="","",COUNTIF(E6:M6,TRUE)/COUNTA(E6:M6))
E7: FALSE | F7: FALSE | G7: FALSE | H7: FALSE | I7: FALSE | J7: FALSE | K7: FALSE | L7: FALSE | M7: FALSE | N7: =IF(A7="","",COUNTIF(E7:M7,TRUE)/COUNTA(E7:M7))
E8: FALSE | F8: FALSE | G8: FALSE | H8: FALSE | I8: FALSE | J8: FALSE | K8: FALSE | L8: FALSE | M8: FALSE | N8: =IF(A8="","",COUNTIF(E8:M8,TRUE)/COUNTA(E8:M8))
E9: FALSE | F9: FALSE | G9: FALSE | H9: FALSE | I9: FALSE | J9: FALSE | K9: FALSE | L9: FALSE | M9: FALSE | N9: =IF(A9="","",COUNTIF(E9:M9,TRUE)/COUNTA(E9:M9))
E10: FALSE | F10: FALSE | G10: FALSE | H10: FALSE | I10: FALSE | J10: FALSE | K10: FALSE | L10: FALSE | M10: FALSE | N10: =IF(A10="","",COUNTIF(E10:M10,TRUE)/COUNTA(E10:M10))
E11: FALSE | F11: FALSE | G11: FALSE | H11: FALSE | I11: FALSE | J11: FALSE | K11: FALSE | L11: FALSE | M11: FALSE | N11: =IF(A11="","",COUNTIF(E11:M11,TRUE)/COUNTA(E11:M11))
E12: FALSE | F12: FALSE | G12: FALSE | H12: FALSE | I12: FALSE | J12: FALSE | K12: FALSE | L12: FALSE | M12: FALSE | N12: =IF(A12="","",COUNTIF(E12:M12,TRUE)/COUNTA(E12:M12))

Sheet Archive
A1: Individual | B1: Unit | C1: Action | D1: Calling | E1: Charlotte | F1: YSA | G1: Holt | H1: Jackson | I1: Lansing | J1: Owosso | K1: Portland | L1: St Johns | M1: Williamston | N1: Percent | P1: Sustained / released in Stake Conference
A2: Brit Quarnberg Fathi | B2: Holt Ward | C2: Release & Thank | D2: Stake Relief Society 2nd Counselor | E2: TRUE | F2: TRUE | G2: TRUE | H2: TRUE | I2: TRUE | J2: TRUE | K2: TRUE | L2: TRUE | M2: TRUE | N2: =IF(A2="","",COUNTIF(E2:M2,TRUE)/COUNTA(E2:M2)) -> 1 | P2: Sept 2023
A3: Holly Hickman | B3: Lansing Ward | C3: Sustain | D3: Stake Relief Society 2nd Counselor | E3: TRUE | F3: TRUE | G3: TRUE | H3: TRUE | I3: TRUE | J3: TRUE | K3: TRUE | L3: TRUE | M3: TRUE | N3: =IF(A3="","",COUNTIF(E3:M3,TRUE)/COUNTA(E3:M3)) -> 1 | P3: Sept 2023
A4: Dawn Meadows | B4: Williamston Ward | C4: Sustain | D4: Assistant Just Serve Coordinator | E4: TRUE | F4: TRUE | G4: TRUE | H4: TRUE | I4: TRUE | J4: TRUE | K4: TRUE | L4: TRUE | M4: TRUE | N4: =IF(A4="","",COUNTIF(E4:M4,TRUE)/COUNTA(E4:M4)) -> 1 | P4: Sept 2023
A5: Eric Hunter | B5: Williamston Ward | C5: Release & Thank | D5: Stake High Councilor and Stake Young Men President | E5: TRUE | F5: TRUE | G5: TRUE | H5: TRUE | I5: TRUE | J5: TRUE | K5: TRUE | L5: TRUE | M5: TRUE | N5: =IF(A5="","",COUNTIF(E5:M5,TRUE)/COUNTA(E5:M5)) -> 1 | P5: Sept 2023
A6: Curtis Ferrin | B6: Lansing Ward | C6: Sustain | D6: Stake High Councilor and Stake Young Men President | E6: TRUE | F6: TRUE | G6: TRUE | H6: TRUE | I6: TRUE | J6: TRUE | K6: TRUE | L6: TRUE | M6: TRUE | N6: =IF(A6="","",COUNTIF(E6:M6,TRUE)/COUNTA(E6:M6)) -> 1 | P6: Sept 2023
A7: Brooke Judd | B7: Charlotte Branch | C7: Release & Thank | D7: Stake Communication Director | E7: TRUE | F7: TRUE | G7: TRUE | H7: TRUE | I7: TRUE | J7: TRUE | K7: TRUE | L7: TRUE | M7: TRUE | N7: =IF(A7="","",COUNTIF(E7:M7,TRUE)/COUNTA(E7:M7)) -> 1 | P7: Sept 2023
A8: Stephanie Farero | B8: Holt Ward | C8: Sustain | D8: Stake Communication Director | E8: TRUE | F8: TRUE | G8: TRUE | H8: TRUE | I8: TRUE | J8: TRUE | K8: TRUE | L8: TRUE | M8: TRUE | N8: =IF(A8="","",COUNTIF(E8:M8,TRUE)/COUNTA(E8:M8)) -> 1 | P8: Sept 2023
A9: Don & Nancy Ward | B9: Williamston Ward | C9: Sustain | D9: Stake Clothing Distribution Specialists | E9: TRUE | F9: TRUE | G9: TRUE | H9: TRUE | I9: TRUE | J9: TRUE | K9: TRUE | L9: TRUE | M9: TRUE | N9: =IF(A9="","",COUNTIF(E9:M9,TRUE)/COUNTA(E9:M9)) -> 1 | P9: Sept 2023
A10: Victoria Hall | B10: Williamston Ward | C10: Sustain | D10: Stake YW 2nd Counselor | E10: TRUE | F10: TRUE | G10: TRUE | H10: TRUE | I10: TRUE | J10: TRUE | K10: TRUE | L10: TRUE | M10: TRUE | N10: =IF(A10="","",COUNTIF(E10:M10,TRUE)/COUNTA(E10:M10)) -> 1 | P10: Sept 2023
A11: Brandon Howard | B11: Lansing Ward | C11: Sustain | D11: Stake YM Secretary | E11: TRUE | F11: TRUE | G11: TRUE | H11: TRUE | I11: TRUE | J11: TRUE | K11: TRUE | L11: TRUE | M11: TRUE | N11: =IF(A11="","",COUNTIF(E11:M11,TRUE)/COUNTA(E11:M11)) -> 1 | P11: Sept 2023
A12: Laura Hunter | B12: Williamston Ward | C12: Release & Thank | D12: Stake Primary 2nd Counselor | E12: TRUE | F12: TRUE | G12: TRUE | H12: TRUE | I12: TRUE | J12: TRUE | K12: TRUE | L12: TRUE | M12: TRUE | N12: =IF(A12="","",COUNTIF(E12:M12,TRUE)/COUNTA(E12:M12)) -> 1 | P12: Sept 2023
A13: Cheryl Kelly | B13: Williamston Ward | C13: Sustain | D13: Stake Primary 2nd Counselor | E13: TRUE | F13: TRUE | G13: TRUE | H13: TRUE | I13: TRUE | J13: TRUE | K13: TRUE | L13: TRUE | M13: TRUE | N13: =IF(A13="","",COUNTIF(E13:M13,TRUE)/COUNTA(E13:M13)) -> 1 | P13: Sept 2023
... A22: Ginger Piatt | B22: Holt Ward | C22: Sustain | D22: Institute Teacher | E22: TRUE | F22: TRUE | G22: TRUE | H22: TRUE | I22: TRUE | J22: TRUE | K22: TRUE | L22: TRUE | M22: TRUE | N22: =IF(A22="","",COUNTIF(E22:M22,TRUE)/COUNTA(E22:M22)) -> 1 | P22: Sept 2023
A23: Sister Michael (Mickey) Jeanne Tuelle | B23: Charlotte Branch | C23: Sustain | D23: Stake Single Adult Representative | E23: TRUE | F23: TRUE | G23: TRUE | H23: TRUE | I23: TRUE | J23: TRUE | K23: TRUE | L23: TRUE | M23: TRUE | N23: =IF(A23="","",COUNTIF(E23:M23,TRUE)/COUNTA(E23:M23)) -> 1 | P23: 45352
A24: Bonnie Robison | B24: Williamston Ward | C24: Sustain | D24: Stake Communication Council Specialist | E24: TRUE | F24: TRUE | G24: TRUE | H24: TRUE | I24: TRUE | J24: TRUE | K24: TRUE | L24: TRUE | M24: TRUE | N24: =IF(A24="","",COUNTIF(E24:M24,TRUE)/COUNTA(E24:M24)) -> 1 | P24: 45352
A25: Melissa Heiselt | B25: Holt Ward | C25: Release & Thank | D25: Stake Primary Secretary | E25: TRUE | F25: TRUE | G25: TRUE | H25: TRUE | I25: TRUE | J25: TRUE | K25: TRUE | L25: TRUE | M25: TRUE | N25: =IF(A25="","",COUNTIF(E25:M25,TRUE)/COUNTA(E25:M25)) -> 1 | P25: 45352
A26: Karen Fitch | B26: Williamston Ward | C26: Sustain | D26: Stake Primary Secretary | E26: TRUE | F26: TRUE | G26: TRUE | H26: TRUE | I26: TRUE | J26: TRUE | K26: TRUE | L26: TRUE | M26: TRUE | N26: =IF(A26="","",COUNTIF(E26:M26,TRUE)/COUNTA(E26:M26)) -> 1 | P26: 45352
A27: Calvin Vos | B27: Lansing Ward | C27: Sustain | D27: Stake Assistant Executive Secretary | E27: TRUE | F27: TRUE | G27: TRUE | H27: TRUE | I27: TRUE | J27: TRUE | K27: TRUE | L27: TRUE | M27: TRUE | N27: =IF(A27="","",COUNTIF(E27:M27,TRUE)/COUNTA(E27:M27)) -> 1 | P27: 45352
A28: Kristi Weber | B28: St Johns Branch | C28: Release & Thank | D28: Stake For the Strength of Youth Rep | E28: TRUE | F28: TRUE | G28: TRUE | H28: TRUE | I28: TRUE | J28: TRUE | K28: TRUE | L28: TRUE | M28: TRUE | N28: =IF(A28="","",COUNTIF(E28:M28,TRUE)/COUNTA(E28:M28)) -> 1 | P28: 45352
A29: Nate Jones | B29: St Johns Branch | C29: Sustain | D29: Stake For the Strength of Youth Rep | E29: TRUE | F29: TRUE | G29: TRUE | H29: TRUE | I29: TRUE | J29: TRUE | K29: TRUE | L29: TRUE | M29: TRUE | N29: =IF(A29="","",COUNTIF(E29:M29,TRUE)/COUNTA(E29:M29)) -> 1 | P29: 45352

Sheet Recipients
A1: This HC list pulls from the Callings and Releasings Tracker. Make changes there ... Callings and Sustainings HC List | E1: Test Email: Check the box below to use the email addresses in this column
A2: High Councilor | B2: Last Name | C2: Calling | D2: Email | E2: TRUE
A3: Ken Bills | B3: =RIGHT(A3,LEN(A3) - (FIND(" ",A3))) -> Bills | C3: High Councilor | D3: kenbillsbrazil@gmail.com | E3: kleifson82@gmail.com
A4: Mike Beam | B4: =RIGHT(A4,LEN(A4) - (FIND(" ",A4))) -> Beam | C4: High Councilor | D4: mbeam1949@gmail.com | E4: lansingstake@gmail.com
A5: Brett Thorpe | B5: =RIGHT(A5,LEN(A5) - (FIND(" ",A5))) -> Thorpe | C5: High Councilor | D5: brett.thorpe2@gmail.com
A6: Steven Doty | B6: =RIGHT(A6,LEN(A6) - (FIND(" ",A6))) -> Doty | C6: High Councilor | D6: steveandgaylynn@gmail.com
A7: Dan Murdock | B7: =RIGHT(A7,LEN(A7) - (FIND(" ",A7))) -> Murdock | C7: High Councilor | D7: dan.j.murdock@gmail.com
A8: Mark Joseph | B8: =RIGHT(A8,LEN(A8) - (FIND(" ",A8))) -> Joseph | C8: High Councilor | D8: josephm6349@gmail.com
A9: Ian McCrary | B9: =RIGHT(A9,LEN(A9) - (FIND(" ",A9))) -> McCrary | C9: High Councilor | D9: ian.mccrary4444@gmail.com
A10: Tim Conn | B10: =RIGHT(A10,LEN(A10) - (FIND(" ",A10))) -> Conn | C10: High Councilor | D10: timothy.conn@comcast.net
A11: Christopher Schafer | B11: =RIGHT(A11,LEN(A11) - (FIND(" ",A11))) -> Schafer | C11: High Councilor | D11: schaferchristopher@live.com
A12: Val Nelson | B12: =RIGHT(A12,LEN(A12) - (FIND(" ",A12))) -> Nelson | C12: High Councilor | D12: val.nelson49@gmail.com
A13: Derek Thorpe | B13: Thorpe | C13: High Councilor | D13: ddthor2@hotmail.com
A14: Don Ward | B14: Ward | C14: High Councilor | D14: chaytonsgrandpa@gmail.com

Sheet Email Message
B1: Below, you can change what the subject and body of the email looks like that goes out to the high council.
A2: Subject | B2: New Unit Sustainings
A3: Greeting | B3: Dear High Council Members,
A4: Message | B4: We have made new additions to the Unit Sustainings list (linked document below). This coming Sunday, if possible, please present any releasings or sustainings over the pulpit during stake business. If you have any questions please contact Brother Leifson or Brother Hilgendorf. Pulpit Friendly Release + Sustain List Unit Sustainings + Releases - Google Sheet
A5: Salutation | B5: With Love,
A6: From | B6: The Lansing Stake Presidency

Sheet Char
A1: Charlotte | B1: Swipe to Show Release / Sustain List → | G1: =hyperlink("https://docs.google.com/spreadsheets/d/1e2BOHVwG__zzJXOYlk6mqBmkq1gTDD6SafJrFhAFJMM/edit?gid=346688937#gid=346688937","Check Off Sheet") -> Check Off Sheet | K1: =hyperlink("https://docs.google.com/spreadsheets/d/1e2BOHVwG__zzJXOYlk6mqBmkq1gTDD6SafJrFhAFJMM/edit?gid=346688937#gid=346688937","Check Off Sheet") -> Check Off Sheet
A3: Unit To Do List (Setting Apart, Ordaining, Training) | G3: Release & Thank | K3: Sustain
A4: Please complete all of the following when you attend your unit | G4: The following have been released, and we propose that they be given a vote of thanks for their service ... | K4: The following have been called (ordained), and we propose that they be sustained ...
A5: =IFERROR(__xludf.DUMMYFUNCTION("IFERROR( ARRAYFORMULA({ {""Individual"",""Calling / Office"",""Step"",""Assigned"",""Trainer""}; SORT( FILTER( { IF(LEN('Status Board'!H2:H25), HYPERLINK('Status Board'!H2:H25,'Status Board'!B2:B25), "&" 'Status Board'!B2:B25 ), 'Status Board'!C2:C25, 'Status Board'!E2:E25, 'Status Board'!F2:F25, 'Status Board'!G2:G25 }, ('Status Board'!D2:D25=$A$1) * (LEN('Status Board'!B2:B25"&")>0) * ISNA(MATCH('Status Board'!E2:E25, {""Release"",""Sustain"",""Stake Interview"",""HC Approval"",""Pending Approval"",""Update System + LCR""}, 0 )) ), 3, TRUE, 1, TRUE ) }), {""No records found"&""","""","""","""",""""} )"),"Individual") -> Individual | B5: =IFERROR(__xludf.DUMMYFUNCTION("""COMPUTED_VALUE"""),"Calling / Office") -> Calling / Office | C5: =IFERROR(__xludf.DUMMYFUNCTION("""COMPUTED_VALUE"""),"Step") -> Step | D5: =IFERROR(__xludf.DUMMYFUNCTION("""COMPUTED_VALUE"""),"Assigned") -> Assigned | E5: =IFERROR(__xludf.DUMMYFUNCTION("""COMPUTED_VALUE"""),"Trainer") -> Trainer | G5: =IFERROR(__xludf.DUMMYFUNCTION("VSTACK( QUERY( Sustainings!$A$3:$O25, ""Select A,B,D Where O = 'Active' and C='Release & Thank' and "" & SUBSTITUTE(ADDRESS(1, MATCH($A$1, Sustainings!$3:$3, 0), 4), ""1"", """") & "" = False Order By C"" ), {"""","""",""""}, {""Th"&"ose who wish to express their appreciation"","""",""""}, {""may manifest it by the uplifted hand."","""",""""} ) "),"Individual") -> Individual | H5: =IFERROR(__xludf.DUMMYFUNCTION("""COMPUTED_VALUE"""),"Unit") -> Unit | I5: =IFERROR(__xludf.DUMMYFUNCTION("""COMPUTED_VALUE"""),"Calling / Office") -> Calling / Office | K5: =IFERROR(__xludf.DUMMYFUNCTION("VSTACK( QUERY( Sustainings!$A$3:$O25, ""Select A,B,D Where O = 'Active' and C='Sustain' and "" & SUBSTITUTE(ADDRESS(1, MATCH($A$1, Sustainings!$3:$3, 0), 4), ""1"", """") & "" = False Order By C"" ), {"""","""",""""}, {""- Those in"&" favor may manifest it by the uplifted hand ..."","""",""""}, {""- Those opposed, if any, may manifest it ..."","""",""""} ) "),"Individual") -> Individual | L5: =IFERROR(__xludf.DUMMYFUNCTION("""COMPUTED_VALUE"""),"Unit") -> Unit | M5: =IFERROR(__xludf.DUMMYFUNCTION("""COMPUTED_VALUE"""),"Calling / Office") -> Calling / Office
A6: =IFERROR(__xludf.DUMMYFUNCTION("""COMPUTED_VALUE"""),"David Polhamus") -> David Polhamus | B6: =IFERROR(__xludf.DUMMYFUNCTION("""COMPUTED_VALUE"""),"EQ 2nd Counselor") -> EQ 2nd Counselor | C6: =IFERROR(__xludf.DUMMYFUNCTION("""COMPUTED_VALUE"""),"Training") -> Training | D6: =IFERROR(__xludf.DUMMYFUNCTION("""COMPUTED_VALUE"""),"Nelson") -> Nelson | E6: =IFERROR(__xludf.DUMMYFUNCTION("""COMPUTED_VALUE"""),"Nelson") -> Nelson | G6: =IFERROR(__xludf.DUMMYFUNCTION("""COMPUTED_VALUE"""),"") | H6: =IFERROR(__xludf.DUMMYFUNCTION("""COMPUTED_VALUE"""),"") | I6: =IFERROR(__xludf.DUMMYFUNCTION("""COMPUTED_VALUE"""),"") | K6: =IFERROR(__xludf.DUMMYFUNCTION("""COMPUTED_VALUE"""),"") | L6: =IFERROR(__xludf.DUMMYFUNCTION("""COMPUTED_VALUE"""),"") | M6: =IFERROR(__xludf.DUMMYFUNCTION("""COMPUTED_VALUE"""),"")
A7: =IFERROR(__xludf.DUMMYFUNCTION("""COMPUTED_VALUE"""),"Giacinto Lucci Sr.") -> Giacinto Lucci Sr. | B7: =IFERROR(__xludf.DUMMYFUNCTION("""COMPUTED_VALUE"""),"EQ 1st Counselor") -> EQ 1st Counselor | C7: =IFERROR(__xludf.DUMMYFUNCTION("""COMPUTED_VALUE"""),"Training") -> Training | D7: =IFERROR(__xludf.DUMMYFUNCTION("""COMPUTED_VALUE"""),"Nelson") -> Nelson | E7: =IFERROR(__xludf.DUMMYFUNCTION("""COMPUTED_VALUE"""),"Nelson") -> Nelson | G7: =IFERROR(__xludf.DUMMYFUNCTION("""COMPUTED_VALUE"""),"Those who wish to express their appreciation") -> Those who wish to express their appreciation | H7: =IFERROR(__xludf.DUMMYFUNCTION("""COMPUTED_VALUE"""),"") | I7: =IFERROR(__xludf.DUMMYFUNCTION("""COMPUTED_VALUE"""),"") | K7: =IFERROR(__xludf.DUMMYFUNCTION("""COMPUTED_VALUE"""),"- Those in favor may manifest it by the uplifted hand ...") -> - Those in favor may manifest it by the uplifted hand ... | L7: =IFERROR(__xludf.DUMMYFUNCTION("""COMPUTED_VALUE"""),"") | M7: =IFERROR(__xludf.DUMMYFUNCTION("""COMPUTED_VALUE"""),"")
A8: =IFERROR(__xludf.DUMMYFUNCTION("""COMPUTED_VALUE"""),"Jordan Coker") -> Jordan Coker | B8: =IFERROR(__xludf.DUMMYFUNCTION("""COMPUTED_VALUE"""),"Elders Quorum President") -> Elders Quorum President | C8: =IFERROR(__xludf.DUMMYFUNCTION("""COMPUTED_VALUE"""),"Training") -> Training | D8: =IFERROR(__xludf.DUMMYFUNCTION("""COMPUTED_VALUE"""),"Rawson") -> Rawson | E8: =IFERROR(__xludf.DUMMYFUNCTION("""COMPUTED_VALUE"""),"Nelson") -> Nelson | G8: =IFERROR(__xludf.DUMMYFUNCTION("""COMPUTED_VALUE"""),"may manifest it by the uplifted hand.") -> may manifest it by the uplifted hand. | H8: =IFERROR(__xludf.DUMMYFUNCTION("""COMPUTED_VALUE"""),"") | I8: =IFERROR(__xludf.DUMMYFUNCTION("""COMPUTED_VALUE"""),"") | K8: =IFERROR(__xludf.DUMMYFUNCTION("""COMPUTED_VALUE"""),"- Those opposed, if any, may manifest it ...") -> - Those opposed, if any, may manifest it ... | L8: =IFERROR(__xludf.DUMMYFUNCTION("""COMPUTED_VALUE"""),"") | M8: =IFERROR(__xludf.DUMMYFUNCTION("""COMPUTED_VALUE"""),"")

Sheet Holt
A1: Holt | B1: Swipe to Show Release / Sustain List → | G1: =hyperlink("https://docs.google.com/spreadsheets/d/1e2BOHVwG__zzJXOYlk6mqBmkq1gTDD6SafJrFhAFJMM/edit?gid=346688937#gid=346688937","Check Off Sheet") -> Check Off Sheet | K1: =hyperlink("https://docs.google.com/spreadsheets/d/1e2BOHVwG__zzJXOYlk6mqBmkq1gTDD6SafJrFhAFJMM/edit?gid=346688937#gid=346688937","Check Off Sheet") -> Check Off Sheet
A3: Unit To Do List (Setting Apart, Ordaining, Training) | G3: Release & Thank | K3: Sustain
A4: Please complete all of the following when you attend your unit | G4: The following have been released, and we propose that they be given a vote of thanks for their service ... | K4: The following have been called (ordained), and we propose that they be sustained ...
A5: =IFERROR(__xludf.DUMMYFUNCTION("IFERROR( ARRAYFORMULA({ {""Individual"",""Calling / Office"",""Step"",""Assigned"",""Trainer""}; SORT( FILTER( { IF(LEN('Status Board'!H2:H25), HYPERLINK('Status Board'!H2:H25,'Status Board'!B2:B25), "&" 'Status Board'!B2:B25 ), 'Status Board'!C2:C25, 'Status Board'!E2:E25, 'Status Board'!F2:F25, 'Status Board'!G2:G25 }, ('Status Board'!D2:D25=$A$1) * (LEN('Status Board'!B2:B25"&")>0) * ISNA(MATCH('Status Board'!E2:E25, {""Release"",""Sustain"",""Stake Interview"",""HC Approval"",""Pending Approval"",""Update System + LCR""}, 0 )) ), 3, TRUE, 1, TRUE ) }), {""No records found"&""","""","""","""",""""} )"),"Individual") -> Individual | B5: =IFERROR(__xludf.DUMMYFUNCTION("""COMPUTED_VALUE"""),"Calling / Office") -> Calling / Office | C5: =IFERROR(__xludf.DUMMYFUNCTION("""COMPUTED_VALUE"""),"Step") -> Step | D5: =IFERROR(__xludf.DUMMYFUNCTION("""COMPUTED_VALUE"""),"Assigned") -> Assigned | E5: =IFERROR(__xludf.DUMMYFUNCTION("""COMPUTED_VALUE"""),"Trainer") -> Trainer | G5: =IFERROR(__xludf.DUMMYFUNCTION("VSTACK( QUERY( Sustainings!$A$3:$O25, ""Select A,B,D Where O = 'Active' and C='Release & Thank' and "" & SUBSTITUTE(ADDRESS(1, MATCH($A$1, Sustainings!$3:$3, 0), 4), ""1"", """") & "" = False Order By C"" ), {"""","""",""""}, {""Th"&"ose who wish to express their appreciation"","""",""""}, {""may manifest it by the uplifted hand."","""",""""} ) "),"Individual") -> Individual | H5: =IFERROR(__xludf.DUMMYFUNCTION("""COMPUTED_VALUE"""),"Unit") -> Unit | I5: =IFERROR(__xludf.DUMMYFUNCTION("""COMPUTED_VALUE"""),"Calling / Office") -> Calling / Office | K5: =IFERROR(__xludf.DUMMYFUNCTION("VSTACK( QUERY( Sustainings!$A$3:$O25, ""Select A,B,D Where O = 'Active' and C='Sustain' and "" & SUBSTITUTE(ADDRESS(1, MATCH($A$1, Sustainings!$3:$3, 0), 4), ""1"", """") & "" = False Order By C"" ), {"""","""",""""}, {""- Those in"&" favor may manifest it by the uplifted hand ..."","""",""""}, {""- Those opposed, if any, may manifest it ..."","""",""""} ) "),"Individual") -> Individual | L5: =IFERROR(__xludf.DUMMYFUNCTION("""COMPUTED_VALUE"""),"Unit") -> Unit | M5: =IFERROR(__xludf.DUMMYFUNCTION("""COMPUTED_VALUE"""),"Calling / Office") -> Calling / Office
A6: =IFERROR(__xludf.DUMMYFUNCTION("""COMPUTED_VALUE"""),"Andrea Lowder") -> Andrea Lowder | B6: =IFERROR(__xludf.DUMMYFUNCTION("""COMPUTED_VALUE"""),"Stake YW 1st Counselor") -> Stake YW 1st Counselor | C6: =IFERROR(__xludf.DUMMYFUNCTION("""COMPUTED_VALUE"""),"Training") -> Training | D6: =IFERROR(__xludf.DUMMYFUNCTION("""COMPUTED_VALUE"""),"B. Thorpe") -> B. Thorpe | E6: =IFERROR(__xludf.DUMMYFUNCTION("""COMPUTED_VALUE"""),"B. Thorpe") -> B. Thorpe | G6: =IFERROR(__xludf.DUMMYFUNCTION("""COMPUTED_VALUE"""),"") | H6: =IFERROR(__xludf.DUMMYFUNCTION("""COMPUTED_VALUE"""),"") | I6: =IFERROR(__xludf.DUMMYFUNCTION("""COMPUTED_VALUE"""),"") | K6: =IFERROR(__xludf.DUMMYFUNCTION("""COMPUTED_VALUE"""),"") | L6: =IFERROR(__xludf.DUMMYFUNCTION("""COMPUTED_VALUE"""),"") | M6: =IFERROR(__xludf.DUMMYFUNCTION("""COMPUTED_VALUE"""),"")
G7: =IFERROR(__xludf.DUMMYFUNCTION("""COMPUTED_VALUE"""),"Those who wish to express their appreciation") -> Those who wish to express their appreciation | H7: =IFERROR(__xludf.DUMMYFUNCTION("""COMPUTED_VALUE"""),"") | I7: =IFERROR(__xludf.DUMMYFUNCTION("""COMPUTED_VALUE"""),"") | K7: =IFERROR(__xludf.DUMMYFUNCTION("""COMPUTED_VALUE"""),"- Those in favor may manifest it by the uplifted hand ...") -> - Those in favor may manifest it by the uplifted hand ... | L7: =IFERROR(__xludf.DUMMYFUNCTION("""COMPUTED_VALUE"""),"") | M7: =IFERROR(__xludf.DUMMYFUNCTION("""COMPUTED_VALUE"""),"")
G8: =IFERROR(__xludf.DUMMYFUNCTION("""COMPUTED_VALUE"""),"may manifest it by the uplifted hand.") -> may manifest it by the uplifted hand. | H8: =IFERROR(__xludf.DUMMYFUNCTION("""COMPUTED_VALUE"""),"") | I8: =IFERROR(__xludf.DUMMYFUNCTION("""COMPUTED_VALUE"""),"") | K8: =IFERROR(__xludf.DUMMYFUNCTION("""COMPUTED_VALUE"""),"- Those opposed, if any, may manifest it ...") -> - Those opposed, if any, may manifest it ... | L8: =IFERROR(__xludf.DUMMYFUNCTION("""COMPUTED_VALUE"""),"") | M8: =IFERROR(__xludf.DUMMYFUNCTION("""COMPUTED_VALUE"""),"")

Sheet Jack
A1: Jackson | B1: Swipe to Show Release / Sustain List → | G1: =hyperlink("https://docs.google.com/spreadsheets/d/1e2BOHVwG__zzJXOYlk6mqBmkq1gTDD6SafJrFhAFJMM/edit?gid=346688937#gid=346688937","Check Off Sheet") -> Check Off Sheet | K1: =hyperlink("https://docs.google.com/spreadsheets/d/1e2BOHVwG__zzJXOYlk6mqBmkq1gTDD6SafJrFhAFJMM/edit?gid=346688937#gid=346688937","Check Off Sheet") -> Check Off Sheet
A3: Unit To Do List (Setting Apart, Ordaining, Training) | G3: Release & Thank | K3: Sustain
A4: Please complete all of the following when you attend your unit | G4: The following have been released, and we propose that they be given a vote of thanks for their service ... | K4: The following have been called (ordained), and we propose that they be sustained ...
A5: =IFERROR(__xludf.DUMMYFUNCTION("IFERROR( ARRAYFORMULA({ {""Individual"",""Calling / Office"",""Step"",""Assigned"",""Trainer""}; SORT( FILTER( { IF(LEN('Status Board'!H2:H25), HYPERLINK('Status Board'!H2:H25,'Status Board'!B2:B25), "&" 'Status Board'!B2:B25 ), 'Status Board'!C2:C25, 'Status Board'!E2:E25, 'Status Board'!F2:F25, 'Status Board'!G2:G25 }, ('Status Board'!D2:D25=$A$1) * (LEN('Status Board'!B2:B25"&")>0) * ISNA(MATCH('Status Board'!E2:E25, {""Release"",""Sustain"",""Stake Interview"",""HC Approval"",""Pending Approval"",""Update System + LCR""}, 0 )) ), 3, TRUE, 1, TRUE ) }), {""No records found"&""","""","""","""",""""} )"),"Individual") -> Individual | B5: =IFERROR(__xludf.DUMMYFUNCTION("""COMPUTED_VALUE"""),"Calling / Office") -> Calling / Office | C5: =IFERROR(__xludf.DUMMYFUNCTION("""COMPUTED_VALUE"""),"Step") -> Step | D5: =IFERROR(__xludf.DUMMYFUNCTION("""COMPUTED_VALUE"""),"Assigned") -> Assigned | E5: =IFERROR(__xludf.DUMMYFUNCTION("""COMPUTED_VALUE"""),"Trainer") -> Trainer | G5: =IFERROR(__xludf.DUMMYFUNCTION("VSTACK( QUERY( Sustainings!$A$3:$O25, ""Select A,B,D Where O = 'Active' and C='Release & Thank' and "" & SUBSTITUTE(ADDRESS(1, MATCH($A$1, Sustainings!$3:$3, 0), 4), ""1"", """") & "" = False Order By C"" ), {"""","""",""""}, {""Th"&"ose who wish to express their appreciation"","""",""""}, {""may manifest it by the uplifted hand."","""",""""} ) "),"Individual") -> Individual | H5: =IFERROR(__xludf.DUMMYFUNCTION("""COMPUTED_VALUE"""),"Unit") -> Unit | I5: =IFERROR(__xludf.DUMMYFUNCTION("""COMPUTED_VALUE"""),"Calling / Office") -> Calling / Office | K5: =IFERROR(__xludf.DUMMYFUNCTION("VSTACK( QUERY( Sustainings!$A$3:$O25, ""Select A,B,D Where O = 'Active' and C='Sustain' and "" & SUBSTITUTE(ADDRESS(1, MATCH($A$1, Sustainings!$3:$3, 0), 4), ""1"", """") & "" = False Order By C"" ), {"""","""",""""}, {""- Those in"&" favor may manifest it by the uplifted hand ..."","""",""""}, {""- Those opposed, if any, may manifest it ..."","""",""""} ) "),"Individual") -> Individual | L5: =IFERROR(__xludf.DUMMYFUNCTION("""COMPUTED_VALUE"""),"Unit") -> Unit | M5: =IFERROR(__xludf.DUMMYFUNCTION("""COMPUTED_VALUE"""),"Calling / Office") -> Calling / Office
A6: =IFERROR(__xludf.DUMMYFUNCTION("""COMPUTED_VALUE"""),"Jonathan Boegler") -> Jonathan Boegler | B6: =IFERROR(__xludf.DUMMYFUNCTION("""COMPUTED_VALUE"""),"EQ 1st Counselor") -> EQ 1st Counselor | C6: =IFERROR(__xludf.DUMMYFUNCTION("""COMPUTED_VALUE"""),"Training") -> Training | D6: =IFERROR(__xludf.DUMMYFUNCTION("""COMPUTED_VALUE"""),"D. Thorpe") -> D. Thorpe | E6: =IFERROR(__xludf.DUMMYFUNCTION("""COMPUTED_VALUE"""),"D. Thorpe") -> D. Thorpe | G6: =IFERROR(__xludf.DUMMYFUNCTION("""COMPUTED_VALUE"""),"") | H6: =IFERROR(__xludf.DUMMYFUNCTION("""COMPUTED_VALUE"""),"") | I6: =IFERROR(__xludf.DUMMYFUNCTION("""COMPUTED_VALUE"""),"") | K6: =IFERROR(__xludf.DUMMYFUNCTION("""COMPUTED_VALUE"""),"") | L6: =IFERROR(__xludf.DUMMYFUNCTION("""COMPUTED_VALUE"""),"") | M6: =IFERROR(__xludf.DUMMYFUNCTION("""COMPUTED_VALUE"""),"")
G7: =IFERROR(__xludf.DUMMYFUNCTION("""COMPUTED_VALUE"""),"Those who wish to express their appreciation") -> Those who wish to express their appreciation | H7: =IFERROR(__xludf.DUMMYFUNCTION("""COMPUTED_VALUE"""),"") | I7: =IFERROR(__xludf.DUMMYFUNCTION("""COMPUTED_VALUE"""),"") | K7: =IFERROR(__xludf.DUMMYFUNCTION("""COMPUTED_VALUE"""),"- Those in favor may manifest it by the uplifted hand ...") -> - Those in favor may manifest it by the uplifted hand ... | L7: =IFERROR(__xludf.DUMMYFUNCTION("""COMPUTED_VALUE"""),"") | M7: =IFERROR(__xludf.DUMMYFUNCTION("""COMPUTED_VALUE"""),"")
G8: =IFERROR(__xludf.DUMMYFUNCTION("""COMPUTED_VALUE"""),"may manifest it by the uplifted hand.") -> may manifest it by the uplifted hand. | H8: =IFERROR(__xludf.DUMMYFUNCTION("""COMPUTED_VALUE"""),"") | I8: =IFERROR(__xludf.DUMMYFUNCTION("""COMPUTED_VALUE"""),"") | K8: =IFERROR(__xludf.DUMMYFUNCTION("""COMPUTED_VALUE"""),"- Those opposed, if any, may manifest it ...") -> - Those opposed, if any, may manifest it ... | L8: =IFERROR(__xludf.DUMMYFUNCTION("""COMPUTED_VALUE"""),"") | M8: =IFERROR(__xludf.DUMMYFUNCTION("""COMPUTED_VALUE"""),"")

Sheet Lans
A1: Lansing | B1: Swipe to Show Release / Sustain List → | G1: =hyperlink("https://docs.google.com/spreadsheets/d/1e2BOHVwG__zzJXOYlk6mqBmkq1gTDD6SafJrFhAFJMM/edit?gid=346688937#gid=346688937","Check Off Sheet") -> Check Off Sheet | K1: =hyperlink("https://docs.google.com/spreadsheets/d/1e2BOHVwG__zzJXOYlk6mqBmkq1gTDD6SafJrFhAFJMM/edit?gid=346688937#gid=346688937","Check Off Sheet") -> Check Off Sheet
A3: Unit To Do List (Setting Apart, Ordaining, Training) | G3: Release & Thank | K3: Sustain
A4: Please complete all of the following when you attend your unit | G4: The following have been released, and we propose that they be given a vote of thanks for their service ... | K4: The following have been called (ordained), and we propose that they be sustained ...
A5: =IFERROR(__xludf.DUMMYFUNCTION("IFERROR( ARRAYFORMULA({ {""Individual"",""Calling / Office"",""Step"",""Assigned"",""Trainer""}; SORT( FILTER( { IF(LEN('Status Board'!H2:H25), HYPERLINK('Status Board'!H2:H25,'Status Board'!B2:B25), "&" 'Status Board'!B2:B25 ), 'Status Board'!C2:C25, 'Status Board'!E2:E25, 'Status Board'!F2:F25, 'Status Board'!G2:G25 }, ('Status Board'!D2:D25=$A$1) * (LEN('Status Board'!B2:B25"&")>0) * ISNA(MATCH('Status Board'!E2:E25, {""Release"",""Sustain"",""Stake Interview"",""HC Approval"",""Pending Approval"",""Update System + LCR""}, 0 )) ), 3, TRUE, 1, TRUE ) }), {""No records found"&""","""","""","""",""""} )"),"Individual") -> Individual | B5: =IFERROR(__xludf.DUMMYFUNCTION("""COMPUTED_VALUE"""),"Calling / Office") -> Calling / Office | C5: =IFERROR(__xludf.DUMMYFUNCTION("""COMPUTED_VALUE"""),"Step") -> Step | D5: =IFERROR(__xludf.DUMMYFUNCTION("""COMPUTED_VALUE"""),"Assigned") -> Assigned | E5: =IFERROR(__xludf.DUMMYFUNCTION("""COMPUTED_VALUE"""),"Trainer") -> Trainer | G5: =IFERROR(__xludf.DUMMYFUNCTION("VSTACK( QUERY( Sustainings!$A$3:$O25, ""Select A,B,D Where O = 'Active' and C='Release & Thank' and "" & SUBSTITUTE(ADDRESS(1, MATCH($A$1, Sustainings!$3:$3, 0), 4), ""1"", """") & "" = False Order By C"" ), {"""","""",""""}, {""Th"&"ose who wish to express their appreciation"","""",""""}, {""may manifest it by the uplifted hand."","""",""""} ) "),"Individual") -> Individual | H5: =IFERROR(__xludf.DUMMYFUNCTION("""COMPUTED_VALUE"""),"Unit") -> Unit | I5: =IFERROR(__xludf.DUMMYFUNCTION("""COMPUTED_VALUE"""),"Calling / Office") -> Calling / Office | K5: =IFERROR(__xludf.DUMMYFUNCTION("VSTACK( QUERY( Sustainings!$A$3:$O25, ""Select A,B,D Where O = 'Active' and C='Sustain' and "" & SUBSTITUTE(ADDRESS(1, MATCH($A$1, Sustainings!$3:$3, 0), 4), ""1"", """") & "" = False Order By C"" ), {"""","""",""""}, {""- Those in"&" favor may manifest it by the uplifted hand ..."","""",""""}, {""- Those opposed, if any, may manifest it ..."","""",""""} ) "),"Individual") -> Individual | L5: =IFERROR(__xludf.DUMMYFUNCTION("""COMPUTED_VALUE"""),"Unit") -> Unit | M5: =IFERROR(__xludf.DUMMYFUNCTION("""COMPUTED_VALUE"""),"Calling / Office") -> Calling / Office
A6: =IFERROR(__xludf.DUMMYFUNCTION("""COMPUTED_VALUE"""),"Temple McCrary") -> Temple McCrary | B6: =IFERROR(__xludf.DUMMYFUNCTION("""COMPUTED_VALUE"""),"Stake Auditor") -> Stake Auditor | C6: =IFERROR(__xludf.DUMMYFUNCTION("""COMPUTED_VALUE"""),"Call / Release") -> Call / Release | D6: =IFERROR(__xludf.DUMMYFUNCTION("""COMPUTED_VALUE"""),"Pierce") -> Pierce | G6: =IFERROR(__xludf.DUMMYFUNCTION("""COMPUTED_VALUE"""),"") | H6: =IFERROR(__xludf.DUMMYFUNCTION("""COMPUTED_VALUE"""),"") | I6: =IFERROR(__xludf.DUMMYFUNCTION("""COMPUTED_VALUE"""),"") | K6: =IFERROR(__xludf.DUMMYFUNCTION("""COMPUTED_VALUE"""),"") | L6: =IFERROR(__xludf.DUMMYFUNCTION("""COMPUTED_VALUE"""),"") | M6: =IFERROR(__xludf.DUMMYFUNCTION("""COMPUTED_VALUE"""),"")
A7: =IFERROR(__xludf.DUMMYFUNCTION("""COMPUTED_VALUE"""),"Taylor Smith") -> Taylor Smith | B7: =IFERROR(__xludf.DUMMYFUNCTION("""COMPUTED_VALUE"""),"High Priest") -> High Priest | C7: =IFERROR(__xludf.DUMMYFUNCTION("""COMPUTED_VALUE"""),"Cancelled") -> Cancelled | E7: =IFERROR(__xludf.DUMMYFUNCTION("""COMPUTED_VALUE""")," ") | G7: =IFERROR(__xludf.DUMMYFUNCTION("""COMPUTED_VALUE"""),"Those who wish to express their appreciation") -> Those who wish to express their appreciation | H7: =IFERROR(__xludf.DUMMYFUNCTION("""COMPUTED_VALUE"""),"") | I7: =IFERROR(__xludf.DUMMYFUNCTION("""COMPUTED_VALUE"""),"") | K7: =IFERROR(__xludf.DUMMYFUNCTION("""COMPUTED_VALUE"""),"- Those in favor may manifest it by the uplifted hand ...") -> - Those in favor may manifest it by the uplifted hand ... | L7: =IFERROR(__xludf.DUMMYFUNCTION("""COMPUTED_VALUE"""),"") | M7: =IFERROR(__xludf.DUMMYFUNCTION("""COMPUTED_VALUE"""),"")
A8: =IFERROR(__xludf.DUMMYFUNCTION("""COMPUTED_VALUE"""),"Gavin Johnson") -> Gavin Johnson | B8: =IFERROR(__xludf.DUMMYFUNCTION("""COMPUTED_VALUE"""),"High Priest") -> High Priest | C8: =IFERROR(__xludf.DUMMYFUNCTION("""COMPUTED_VALUE"""),"Ordination") -> Ordination | D8: =IFERROR(__xludf.DUMMYFUNCTION("""COMPUTED_VALUE"""),"Earl") -> Earl | E8: =IFERROR(__xludf.DUMMYFUNCTION("""COMPUTED_VALUE""")," ") | G8: =IFERROR(__xludf.DUMMYFUNCTION("""COMPUTED_VALUE"""),"may manifest it by the uplifted hand.") -> may manifest it by the uplifted hand. | H8: =IFERROR(__xludf.DUMMYFUNCTION("""COMPUTED_VALUE"""),"") | I8: =IFERROR(__xludf.DUMMYFUNCTION("""COMPUTED_VALUE"""),"") | K8: =IFERROR(__xludf.DUMMYFUNCTION("""COMPUTED_VALUE"""),"- Those opposed, if any, may manifest it ...") -> - Those opposed, if any, may manifest it ... | L8: =IFERROR(__xludf.DUMMYFUNCTION("""COMPUTED_VALUE"""),"") | M8: =IFERROR(__xludf.DUMMYFUNCTION("""COMPUTED_VALUE"""),"")
A9: =IFERROR(__xludf.DUMMYFUNCTION("""COMPUTED_VALUE"""),"Tristan Packard") -> Tristan Packard | B9: =IFERROR(__xludf.DUMMYFUNCTION("""COMPUTED_VALUE"""),"High Priest") -> High Priest | C9: =IFERROR(__xludf.DUMMYFUNCTION("""COMPUTED_VALUE"""),"Ordination") -> Ordination | D9: =IFERROR(__xludf.DUMMYFUNCTION("""COMPUTED_VALUE"""),"Earl") -> Earl | E9: =IFERROR(__xludf.DUMMYFUNCTION("""COMPUTED_VALUE""")," ")
A10: =IFERROR(__xludf.DUMMYFUNCTION("""COMPUTED_VALUE"""),"Gavin Johnson") -> Gavin Johnson | B10: =IFERROR(__xludf.DUMMYFUNCTION("""COMPUTED_VALUE"""),"Bishopric 1st Counselor") -> Bishopric 1st Counselor | C10: =IFERROR(__xludf.DUMMYFUNCTION("""COMPUTED_VALUE"""),"Set Apart") -> Set Apart | D10: =IFERROR(__xludf.DUMMYFUNCTION("""COMPUTED_VALUE"""),"Earl") -> Earl | E10: =IFERROR(__xludf.DUMMYFUNCTION("""COMPUTED_VALUE"""),"Earl") -> Earl
A11: =IFERROR(__xludf.DUMMYFUNCTION("""COMPUTED_VALUE"""),"Tristan Packard") -> Tristan Packard | B11: =IFERROR(__xludf.DUMMYFUNCTION("""COMPUTED_VALUE"""),"Bishopric 2nd Counselor") -> Bishopric 2nd Counselor | C11: =IFERROR(__xludf.DUMMYFUNCTION("""COMPUTED_VALUE"""),"Set Apart") -> Set Apart | D11: =IFERROR(__xludf.DUMMYFUNCTION("""COMPUTED_VALUE"""),"Earl") -> Earl | E11: =IFERROR(__xludf.DUMMYFUNCTION("""COMPUTED_VALUE"""),"Earl") -> Earl
A12: =IFERROR(__xludf.DUMMYFUNCTION("""COMPUTED_VALUE"""),"Sawyer Barney") -> Sawyer Barney | B12: =IFERROR(__xludf.DUMMYFUNCTION("""COMPUTED_VALUE"""),"Executive Secretary") -> Executive Secretary | C12: =IFERROR(__xludf.DUMMYFUNCTION("""COMPUTED_VALUE"""),"Training") -> Training | D12: =IFERROR(__xludf.DUMMYFUNCTION("""COMPUTED_VALUE"""),"Earl") -> Earl | E12: =IFERROR(__xludf.DUMMYFUNCTION("""COMPUTED_VALUE"""),"Hilgendorf") -> Hilgendorf
A13: =IFERROR(__xludf.DUMMYFUNCTION("""COMPUTED_VALUE"""),"Tanner Hickman") -> Tanner Hickman | B13: =IFERROR(__xludf.DUMMYFUNCTION("""COMPUTED_VALUE"""),"Bishop") -> Bishop | C13: =IFERROR(__xludf.DUMMYFUNCTION("""COMPUTED_VALUE"""),"Training") -> Training | D13: =IFERROR(__xludf.DUMMYFUNCTION("""COMPUTED_VALUE"""),"Rawson") -> Rawson | E13: =IFERROR(__xludf.DUMMYFUNCTION("""COMPUTED_VALUE"""),"Earl") -> Earl

Sheet Port
A1: Portland | B1: Swipe to Show Release / Sustain List → | G1: =hyperlink("https://docs.google.com/spreadsheets/d/1e2BOHVwG__zzJXOYlk6mqBmkq1gTDD6SafJrFhAFJMM/edit?gid=346688937#gid=346688937","Check Off Sheet") -> Check Off Sheet | K1: =hyperlink("https://docs.google.com/spreadsheets/d/1e2BOHVwG__zzJXOYlk6mqBmkq1gTDD6SafJrFhAFJMM/edit?gid=346688937#gid=346688937","Check Off Sheet") -> Check Off Sheet
A3: Unit To Do List (Setting Apart, Ordaining, Training) | G3: Release & Thank | K3: Sustain
A4: Please complete all of the following when you attend your unit | G4: The following have been released, and we propose that they be given a vote of thanks for their service ... | K4: The following have been called (ordained), and we propose that they be sustained ...
A5: =IFERROR(__xludf.DUMMYFUNCTION("IFERROR( ARRAYFORMULA({ {""Individual"",""Calling / Office"",""Step"",""Assigned"",""Trainer""}; SORT( FILTER( { IF(LEN('Status Board'!H2:H25), HYPERLINK('Status Board'!H2:H25,'Status Board'!B2:B25), "&" 'Status Board'!B2:B25 ), 'Status Board'!C2:C25, 'Status Board'!E2:E25, 'Status Board'!F2:F25, 'Status Board'!G2:G25 }, ('Status Board'!D2:D25=$A$1) * (LEN('Status Board'!B2:B25"&")>0) * ISNA(MATCH('Status Board'!E2:E25, {""Release"",""Sustain"",""Stake Interview"",""HC Approval"",""Pending Approval"",""Update System + LCR""}, 0 )) ), 3, TRUE, 1, TRUE ) }), {""No records found"&""","""","""","""",""""} )"),"Individual") -> Individual | B5: =IFERROR(__xludf.DUMMYFUNCTION("""COMPUTED_VALUE"""),"Calling / Office") -> Calling / Office | C5: =IFERROR(__xludf.DUMMYFUNCTION("""COMPUTED_VALUE"""),"Step") -> Step | D5: =IFERROR(__xludf.DUMMYFUNCTION("""COMPUTED_VALUE"""),"Assigned") -> Assigned | E5: =IFERROR(__xludf.DUMMYFUNCTION("""COMPUTED_VALUE"""),"Trainer") -> Trainer | G5: =IFERROR(__xludf.DUMMYFUNCTION("VSTACK( QUERY( Sustainings!$A$3:$O25, ""Select A,B,D Where O = 'Active' and C='Release & Thank' and "" & SUBSTITUTE(ADDRESS(1, MATCH($A$1, Sustainings!$3:$3, 0), 4), ""1"", """") & "" = False Order By C"" ), {"""","""",""""}, {""Th"&"ose who wish to express their appreciation"","""",""""}, {""may manifest it by the uplifted hand."","""",""""} ) "),"Individual") -> Individual | H5: =IFERROR(__xludf.DUMMYFUNCTION("""COMPUTED_VALUE"""),"Unit") -> Unit | I5: =IFERROR(__xludf.DUMMYFUNCTION("""COMPUTED_VALUE"""),"Calling / Office") -> Calling / Office | K5: =IFERROR(__xludf.DUMMYFUNCTION("VSTACK( QUERY( Sustainings!$A$3:$O25, ""Select A,B,D Where O = 'Active' and C='Sustain' and "" & SUBSTITUTE(ADDRESS(1, MATCH($A$1, Sustainings!$3:$3, 0), 4), ""1"", """") & "" = False Order By C"" ), {"""","""",""""}, {""- Those in"&" favor may manifest it by the uplifted hand ..."","""",""""}, {""- Those opposed, if any, may manifest it ..."","""",""""} ) "),"Individual") -> Individual | L5: =IFERROR(__xludf.DUMMYFUNCTION("""COMPUTED_VALUE"""),"Unit") -> Unit | M5: =IFERROR(__xludf.DUMMYFUNCTION("""COMPUTED_VALUE"""),"Calling / Office") -> Calling / Office
A6: =IFERROR(__xludf.DUMMYFUNCTION("""COMPUTED_VALUE"""),"Skyler Roper") -> Skyler Roper | B6: =IFERROR(__xludf.DUMMYFUNCTION("""COMPUTED_VALUE"""),"High Priest") -> High Priest | C6: =IFERROR(__xludf.DUMMYFUNCTION("""COMPUTED_VALUE"""),"Certificate") -> Certificate | D6: =IFERROR(__xludf.DUMMYFUNCTION("""COMPUTED_VALUE"""),"Doty") -> Doty | E6: =IFERROR(__xludf.DUMMYFUNCTION("""COMPUTED_VALUE""")," ") | G6: =IFERROR(__xludf.DUMMYFUNCTION("""COMPUTED_VALUE"""),"") | H6: =IFERROR(__xludf.DUMMYFUNCTION("""COMPUTED_VALUE"""),"") | I6: =IFERROR(__xludf.DUMMYFUNCTION("""COMPUTED_VALUE"""),"") | K6: =IFERROR(__xludf.DUMMYFUNCTION("""COMPUTED_VALUE"""),"") | L6: =IFERROR(__xludf.DUMMYFUNCTION("""COMPUTED_VALUE"""),"") | M6: =IFERROR(__xludf.DUMMYFUNCTION("""COMPUTED_VALUE"""),"")
A7: =IFERROR(__xludf.DUMMYFUNCTION("""COMPUTED_VALUE"""),"Del Sterling") -> Del Sterling | B7: =IFERROR(__xludf.DUMMYFUNCTION("""COMPUTED_VALUE"""),"Branch Presidency 1st Counselor") -> Branch Presidency 1st Counselor | C7: =IFERROR(__xludf.DUMMYFUNCTION("""COMPUTED_VALUE"""),"Training") -> Training | D7: =IFERROR(__xludf.DUMMYFUNCTION("""COMPUTED_VALUE"""),"Earl") -> Earl | E7: =IFERROR(__xludf.DUMMYFUNCTION("""COMPUTED_VALUE"""),"Earl") -> Earl | G7: =IFERROR(__xludf.DUMMYFUNCTION("""COMPUTED_VALUE"""),"Those who wish to express their appreciation") -> Those who wish to express their appreciation | H7: =IFERROR(__xludf.DUMMYFUNCTION("""COMPUTED_VALUE"""),"") | I7: =IFERROR(__xludf.DUMMYFUNCTION("""COMPUTED_VALUE"""),"") | K7: =IFERROR(__xludf.DUMMYFUNCTION("""COMPUTED_VALUE"""),"- Those in favor may manifest it by the uplifted hand ...") -> - Those in favor may manifest it by the uplifted hand ... | L7: =IFERROR(__xludf.DUMMYFUNCTION("""COMPUTED_VALUE"""),"") | M7: =IFERROR(__xludf.DUMMYFUNCTION("""COMPUTED_VALUE"""),"")
A8: =IFERROR(__xludf.DUMMYFUNCTION("""COMPUTED_VALUE"""),"Mark Witbeck") -> Mark Witbeck | B8: =IFERROR(__xludf.DUMMYFUNCTION("""COMPUTED_VALUE"""),"Branch Presidency 2nd Counselor") -> Branch Presidency 2nd Counselor | C8: =IFERROR(__xludf.DUMMYFUNCTION("""COMPUTED_VALUE"""),"Training") -> Training | D8: =IFERROR(__xludf.DUMMYFUNCTION("""COMPUTED_VALUE"""),"Earl") -> Earl | E8: =IFERROR(__xludf.DUMMYFUNCTION("""COMPUTED_VALUE"""),"Earl") -> Earl | G8: =IFERROR(__xludf.DUMMYFUNCTION("""COMPUTED_VALUE"""),"may manifest it by the uplifted hand.") -> may manifest it by the uplifted hand. | H8: =IFERROR(__xludf.DUMMYFUNCTION("""COMPUTED_VALUE"""),"") | I8: =IFERROR(__xludf.DUMMYFUNCTION("""COMPUTED_VALUE"""),"") | K8: =IFERROR(__xludf.DUMMYFUNCTION("""COMPUTED_VALUE"""),"- Those opposed, if any, may manifest it ...") -> - Those opposed, if any, may manifest it ... | L8: =IFERROR(__xludf.DUMMYFUNCTION("""COMPUTED_VALUE"""),"") | M8: =IFERROR(__xludf.DUMMYFUNCTION("""COMPUTED_VALUE"""),"")
A9: =IFERROR(__xludf.DUMMYFUNCTION("""COMPUTED_VALUE"""),"Skyler Roper") -> Skyler Roper | B9: =IFERROR(__xludf.DUMMYFUNCTION("""COMPUTED_VALUE"""),"Branch President") -> Branch President | C9: =IFERROR(__xludf.DUMMYFUNCTION("""COMPUTED_VALUE"""),"Training") -> Training | D9: =IFERROR(__xludf.DUMMYFUNCTION("""COMPUTED_VALUE"""),"Rawson") -> Rawson | E9: =IFERROR(__xludf.DUMMYFUNCTION("""COMPUTED_VALUE"""),"Earl") -> Earl

Sheet Owos
A1: Owosso | B1: Swipe to Show Release / Sustain List → | G1: =hyperlink("https://docs.google.com/spreadsheets/d/1e2BOHVwG__zzJXOYlk6mqBmkq1gTDD6SafJrFhAFJMM/edit?gid=346688937#gid=346688937","Check Off Sheet") -> Check Off Sheet | K1: =hyperlink("https://docs.google.com/spreadsheets/d/1e2BOHVwG__zzJXOYlk6mqBmkq1gTDD6SafJrFhAFJMM/edit?gid=346688937#gid=346688937","Check Off Sheet") -> Check Off Sheet
A3: Unit To Do List (Setting Apart, Ordaining, Training) | G3: Release & Thank | K3: Sustain
A4: Please complete all of the following when you attend your unit | G4: The following have been released, and we propose that they be given a vote of thanks for their service ... | K4: The following have been called (ordained), and we propose that they be sustained ...
A5: =IFERROR(__xludf.DUMMYFUNCTION("IFERROR( ARRAYFORMULA({ {""Individual"",""Calling / Office"",""Step"",""Assigned"",""Trainer""}; SORT( FILTER( { IF(LEN('Status Board'!H2:H25), HYPERLINK('Status Board'!H2:H25,'Status Board'!B2:B25), "&" 'Status Board'!B2:B25 ), 'Status Board'!C2:C25, 'Status Board'!E2:E25, 'Status Board'!F2:F25, 'Status Board'!G2:G25 }, ('Status Board'!D2:D25=$A$1) * (LEN('Status Board'!B2:B25"&")>0) * ISNA(MATCH('Status Board'!E2:E25, {""Release"",""Sustain"",""Stake Interview"",""HC Approval"",""Pending Approval"",""Update System + LCR""}, 0 )) ), 3, TRUE, 1, TRUE ) }), {""No records found"&""","""","""","""",""""} )"),"No records found") -> No records found | B5: =IFERROR(__xludf.DUMMYFUNCTION("""COMPUTED_VALUE"""),"") | C5: =IFERROR(__xludf.DUMMYFUNCTION("""COMPUTED_VALUE"""),"") | D5: =IFERROR(__xludf.DUMMYFUNCTION("""COMPUTED_VALUE"""),"") | E5: =IFERROR(__xludf.DUMMYFUNCTION("""COMPUTED_VALUE"""),"") | G5: =IFERROR(__xludf.DUMMYFUNCTION("VSTACK( QUERY( Sustainings!$A$3:$O25, ""Select A,B,D Where O = 'Active' and C='Release & Thank' and "" & SUBSTITUTE(ADDRESS(1, MATCH($A$1, Sustainings!$3:$3, 0), 4), ""1"", """") & "" = False Order By C"" ), {"""","""",""""}, {""Th"&"ose who wish to express their appreciation"","""",""""}, {""may manifest it by the uplifted hand."","""",""""} ) "),"Individual") -> Individual | H5: =IFERROR(__xludf.DUMMYFUNCTION("""COMPUTED_VALUE"""),"Unit") -> Unit | I5: =IFERROR(__xludf.DUMMYFUNCTION("""COMPUTED_VALUE"""),"Calling / Office") -> Calling / Office | K5: =IFERROR(__xludf.DUMMYFUNCTION("VSTACK( QUERY( Sustainings!$A$3:$O25, ""Select A,B,D Where O = 'Active' and C='Sustain' and "" & SUBSTITUTE(ADDRESS(1, MATCH($A$1, Sustainings!$3:$3, 0), 4), ""1"", """") & "" = False Order By C"" ), {"""","""",""""}, {""- Those in"&" favor may manifest it by the uplifted hand ..."","""",""""}, {""- Those opposed, if any, may manifest it ..."","""",""""} ) "),"Individual") -> Individual | L5: =IFERROR(__xludf.DUMMYFUNCTION("""COMPUTED_VALUE"""),"Unit") -> Unit | M5: =IFERROR(__xludf.DUMMYFUNCTION("""COMPUTED_VALUE"""),"Calling / Office") -> Calling / Office
G6: =IFERROR(__xludf.DUMMYFUNCTION("""COMPUTED_VALUE"""),"") | H6: =IFERROR(__xludf.DUMMYFUNCTION("""COMPUTED_VALUE"""),"") | I6: =IFERROR(__xludf.DUMMYFUNCTION("""COMPUTED_VALUE"""),"") | K6: =IFERROR(__xludf.DUMMYFUNCTION("""COMPUTED_VALUE"""),"") | L6: =IFERROR(__xludf.DUMMYFUNCTION("""COMPUTED_VALUE"""),"") | M6: =IFERROR(__xludf.DUMMYFUNCTION("""COMPUTED_VALUE"""),"")
G7: =IFERROR(__xludf.DUMMYFUNCTION("""COMPUTED_VALUE"""),"Those who wish to express their appreciation") -> Those who wish to express their appreciation | H7: =IFERROR(__xludf.DUMMYFUNCTION("""COMPUTED_VALUE"""),"") | I7: =IFERROR(__xludf.DUMMYFUNCTION("""COMPUTED_VALUE"""),"") | K7: =IFERROR(__xludf.DUMMYFUNCTION("""COMPUTED_VALUE"""),"- Those in favor may manifest it by the uplifted hand ...") -> - Those in favor may manifest it by the uplifted hand ... | L7: =IFERROR(__xludf.DUMMYFUNCTION("""COMPUTED_VALUE"""),"") | M7: =IFERROR(__xludf.DUMMYFUNCTION("""COMPUTED_VALUE"""),"")
G8: =IFERROR(__xludf.DUMMYFUNCTION("""COMPUTED_VALUE"""),"may manifest it by the uplifted hand.") -> may manifest it by the uplifted hand. | H8: =IFERROR(__xludf.DUMMYFUNCTION("""COMPUTED_VALUE"""),"") | I8: =IFERROR(__xludf.DUMMYFUNCTION("""COMPUTED_VALUE"""),"") | K8: =IFERROR(__xludf.DUMMYFUNCTION("""COMPUTED_VALUE"""),"- Those opposed, if any, may manifest it ...") -> - Those opposed, if any, may manifest it ... | L8: =IFERROR(__xludf.DUMMYFUNCTION("""COMPUTED_VALUE"""),"") | M8: =IFERROR(__xludf.DUMMYFUNCTION("""COMPUTED_VALUE"""),"")

Sheet StJn
A1: St Johns | B1: Swipe to Show Release / Sustain List → | G1: =hyperlink("https://docs.google.com/spreadsheets/d/1e2BOHVwG__zzJXOYlk6mqBmkq1gTDD6SafJrFhAFJMM/edit?gid=346688937#gid=346688937","Check Off Sheet") -> Check Off Sheet | K1: =hyperlink("https://docs.google.com/spreadsheets/d/1e2BOHVwG__zzJXOYlk6mqBmkq1gTDD6SafJrFhAFJMM/edit?gid=346688937#gid=346688937","Check Off Sheet") -> Check Off Sheet
A3: Unit To Do List (Setting Apart, Ordaining, Training) | G3: Release & Thank | K3: Sustain
A4: Please complete all of the following when you attend your unit | G4: The following have been released, and we propose that they be given a vote of thanks for their service ... | K4: The following have been called (ordained), and we propose that they be sustained ...
A5: =IFERROR(__xludf.DUMMYFUNCTION("IFERROR( ARRAYFORMULA({ {""Individual"",""Calling / Office"",""Step"",""Assigned"",""Trainer""}; SORT( FILTER( { IF(LEN('Status Board'!H2:H25), HYPERLINK('Status Board'!H2:H25,'Status Board'!B2:B25), "&" 'Status Board'!B2:B25 ), 'Status Board'!C2:C25, 'Status Board'!E2:E25, 'Status Board'!F2:F25, 'Status Board'!G2:G25 }, ('Status Board'!D2:D25=$A$1) * (LEN('Status Board'!B2:B25"&")>0) * ISNA(MATCH('Status Board'!E2:E25, {""Release"",""Sustain"",""Stake Interview"",""HC Approval"",""Pending Approval"",""Update System + LCR""}, 0 )) ), 3, TRUE, 1, TRUE ) }), {""No records found"&""","""","""","""",""""} )"),"No records found") -> No records found | B5: =IFERROR(__xludf.DUMMYFUNCTION("""COMPUTED_VALUE"""),"") | C5: =IFERROR(__xludf.DUMMYFUNCTION("""COMPUTED_VALUE"""),"") | D5: =IFERROR(__xludf.DUMMYFUNCTION("""COMPUTED_VALUE"""),"") | E5: =IFERROR(__xludf.DUMMYFUNCTION("""COMPUTED_VALUE"""),"") | G5: =IFERROR(__xludf.DUMMYFUNCTION("VSTACK( QUERY( Sustainings!$A$3:$O25, ""Select A,B,D Where O = 'Active' and C='Release & Thank' and "" & SUBSTITUTE(ADDRESS(1, MATCH($A$1, Sustainings!$3:$3, 0), 4), ""1"", """") & "" = False Order By C"" ), {"""","""",""""}, {""Th"&"ose who wish to express their appreciation"","""",""""}, {""may manifest it by the uplifted hand."","""",""""} ) "),"Individual") -> Individual | H5: =IFERROR(__xludf.DUMMYFUNCTION("""COMPUTED_VALUE"""),"Unit") -> Unit | I5: =IFERROR(__xludf.DUMMYFUNCTION("""COMPUTED_VALUE"""),"Calling / Office") -> Calling / Office | K5: =IFERROR(__xludf.DUMMYFUNCTION("VSTACK( QUERY( Sustainings!$A$3:$O25, ""Select A,B,D Where O = 'Active' and C='Sustain' and "" & SUBSTITUTE(ADDRESS(1, MATCH($A$1, Sustainings!$3:$3, 0), 4), ""1"", """") & "" = False Order By C"" ), {"""","""",""""}, {""- Those in"&" favor may manifest it by the uplifted hand ..."","""",""""}, {""- Those opposed, if any, may manifest it ..."","""",""""} ) "),"Individual") -> Individual | L5: =IFERROR(__xludf.DUMMYFUNCTION("""COMPUTED_VALUE"""),"Unit") -> Unit | M5: =IFERROR(__xludf.DUMMYFUNCTION("""COMPUTED_VALUE"""),"Calling / Office") -> Calling / Office
G6: =IFERROR(__xludf.DUMMYFUNCTION("""COMPUTED_VALUE"""),"") | H6: =IFERROR(__xludf.DUMMYFUNCTION("""COMPUTED_VALUE"""),"") | I6: =IFERROR(__xludf.DUMMYFUNCTION("""COMPUTED_VALUE"""),"") | K6: =IFERROR(__xludf.DUMMYFUNCTION("""COMPUTED_VALUE"""),"") | L6: =IFERROR(__xludf.DUMMYFUNCTION("""COMPUTED_VALUE"""),"") | M6: =IFERROR(__xludf.DUMMYFUNCTION("""COMPUTED_VALUE"""),"")
G7: =IFERROR(__xludf.DUMMYFUNCTION("""COMPUTED_VALUE"""),"Those who wish to express their appreciation") -> Those who wish to express their appreciation | H7: =IFERROR(__xludf.DUMMYFUNCTION("""COMPUTED_VALUE"""),"") | I7: =IFERROR(__xludf.DUMMYFUNCTION("""COMPUTED_VALUE"""),"") | K7: =IFERROR(__xludf.DUMMYFUNCTION("""COMPUTED_VALUE"""),"- Those in favor may manifest it by the uplifted hand ...") -> - Those in favor may manifest it by the uplifted hand ... | L7: =IFERROR(__xludf.DUMMYFUNCTION("""COMPUTED_VALUE"""),"") | M7: =IFERROR(__xludf.DUMMYFUNCTION("""COMPUTED_VALUE"""),"")
G8: =IFERROR(__xludf.DUMMYFUNCTION("""COMPUTED_VALUE"""),"may manifest it by the uplifted hand.") -> may manifest it by the uplifted hand. | H8: =IFERROR(__xludf.DUMMYFUNCTION("""COMPUTED_VALUE"""),"") | I8: =IFERROR(__xludf.DUMMYFUNCTION("""COMPUTED_VALUE"""),"") | K8: =IFERROR(__xludf.DUMMYFUNCTION("""COMPUTED_VALUE"""),"- Those opposed, if any, may manifest it ...") -> - Those opposed, if any, may manifest it ... | L8: =IFERROR(__xludf.DUMMYFUNCTION("""COMPUTED_VALUE"""),"") | M8: =IFERROR(__xludf.DUMMYFUNCTION("""COMPUTED_VALUE"""),"")

Sheet Wmst
A1: Williamston | B1: Swipe to Show Release / Sustain List → | G1: =hyperlink("https://docs.google.com/spreadsheets/d/1e2BOHVwG__zzJXOYlk6mqBmkq1gTDD6SafJrFhAFJMM/edit?gid=346688937#gid=346688937","Check Off Sheet") -> Check Off Sheet | K1: =hyperlink("https://docs.google.com/spreadsheets/d/1e2BOHVwG__zzJXOYlk6mqBmkq1gTDD6SafJrFhAFJMM/edit?gid=346688937#gid=346688937","Check Off Sheet") -> Check Off Sheet
A3: Unit To Do List (Setting Apart, Ordaining, Training) | G3: Release & Thank | K3: Sustain
A4: Please complete all of the following when you attend your unit | G4: The following have been released, and we propose that they be given a vote of thanks for their service ... | K4: The following have been called (ordained), and we propose that they be sustained ...
A5: =IFERROR(__xludf.DUMMYFUNCTION("IFERROR( ARRAYFORMULA({ {""Individual"",""Calling / Office"",""Step"",""Assigned"",""Trainer""}; SORT( FILTER( { IF(LEN('Status Board'!H2:H25), HYPERLINK('Status Board'!H2:H25,'Status Board'!B2:B25), "&" 'Status Board'!B2:B25 ), 'Status Board'!C2:C25, 'Status Board'!E2:E25, 'Status Board'!F2:F25, 'Status Board'!G2:G25 }, ('Status Board'!D2:D25=$A$1) * (LEN('Status Board'!B2:B25"&")>0) * ISNA(MATCH('Status Board'!E2:E25, {""Release"",""Sustain"",""Stake Interview"",""HC Approval"",""Pending Approval"",""Update System + LCR""}, 0 )) ), 3, TRUE, 1, TRUE ) }), {""No records found"&""","""","""","""",""""} )"),"Individual") -> Individual | B5: =IFERROR(__xludf.DUMMYFUNCTION("""COMPUTED_VALUE"""),"Calling / Office") -> Calling / Office | C5: =IFERROR(__xludf.DUMMYFUNCTION("""COMPUTED_VALUE"""),"Step") -> Step | D5: =IFERROR(__xludf.DUMMYFUNCTION("""COMPUTED_VALUE"""),"Assigned") -> Assigned | E5: =IFERROR(__xludf.DUMMYFUNCTION("""COMPUTED_VALUE"""),"Trainer") -> Trainer | G5: =IFERROR(__xludf.DUMMYFUNCTION("VSTACK( QUERY( Sustainings!$A$3:$O25, ""Select A,B,D Where O = 'Active' and C='Release & Thank' and "" & SUBSTITUTE(ADDRESS(1, MATCH($A$1, Sustainings!$3:$3, 0), 4), ""1"", """") & "" = False Order By C"" ), {"""","""",""""}, {""Th"&"ose who wish to express their appreciation"","""",""""}, {""may manifest it by the uplifted hand."","""",""""} ) "),"Individual") -> Individual | H5: =IFERROR(__xludf.DUMMYFUNCTION("""COMPUTED_VALUE"""),"Unit") -> Unit | I5: =IFERROR(__xludf.DUMMYFUNCTION("""COMPUTED_VALUE"""),"Calling / Office") -> Calling / Office | K5: =IFERROR(__xludf.DUMMYFUNCTION("VSTACK( QUERY( Sustainings!$A$3:$O25, ""Select A,B,D Where O = 'Active' and C='Sustain' and "" & SUBSTITUTE(ADDRESS(1, MATCH($A$1, Sustainings!$3:$3, 0), 4), ""1"", """") & "" = False Order By C"" ), {"""","""",""""}, {""- Those in"&" favor may manifest it by the uplifted hand ..."","""",""""}, {""- Those opposed, if any, may manifest it ..."","""",""""} ) "),"Individual") -> Individual | L5: =IFERROR(__xludf.DUMMYFUNCTION("""COMPUTED_VALUE"""),"Unit") -> Unit | M5: =IFERROR(__xludf.DUMMYFUNCTION("""COMPUTED_VALUE"""),"Calling / Office") -> Calling / Office
A6: =IFERROR(__xludf.DUMMYFUNCTION("""COMPUTED_VALUE"""),"Barbara Miller") -> Barbara Miller | B6: =IFERROR(__xludf.DUMMYFUNCTION("""COMPUTED_VALUE"""),"Stake YW Secretary") -> Stake YW Secretary | C6: =IFERROR(__xludf.DUMMYFUNCTION("""COMPUTED_VALUE"""),"Training") -> Training | D6: =IFERROR(__xludf.DUMMYFUNCTION("""COMPUTED_VALUE"""),"B. Thorpe") -> B. Thorpe | E6: =IFERROR(__xludf.DUMMYFUNCTION("""COMPUTED_VALUE"""),"B. Thorpe") -> B. Thorpe | G6: =IFERROR(__xludf.DUMMYFUNCTION("""COMPUTED_VALUE"""),"") | H6: =IFERROR(__xludf.DUMMYFUNCTION("""COMPUTED_VALUE"""),"") | I6: =IFERROR(__xludf.DUMMYFUNCTION("""COMPUTED_VALUE"""),"") | K6: =IFERROR(__xludf.DUMMYFUNCTION("""COMPUTED_VALUE"""),"") | L6: =IFERROR(__xludf.DUMMYFUNCTION("""COMPUTED_VALUE"""),"") | M6: =IFERROR(__xludf.DUMMYFUNCTION("""COMPUTED_VALUE"""),"")
G7: =IFERROR(__xludf.DUMMYFUNCTION("""COMPUTED_VALUE"""),"Those who wish to express their appreciation") -> Those who wish to express their appreciation | H7: =IFERROR(__xludf.DUMMYFUNCTION("""COMPUTED_VALUE"""),"") | I7: =IFERROR(__xludf.DUMMYFUNCTION("""COMPUTED_VALUE"""),"") | K7: =IFERROR(__xludf.DUMMYFUNCTION("""COMPUTED_VALUE"""),"- Those in favor may manifest it by the uplifted hand ...") -> - Those in favor may manifest it by the uplifted hand ... | L7: =IFERROR(__xludf.DUMMYFUNCTION("""COMPUTED_VALUE"""),"") | M7: =IFERROR(__xludf.DUMMYFUNCTION("""COMPUTED_VALUE"""),"")
G8: =IFERROR(__xludf.DUMMYFUNCTION("""COMPUTED_VALUE"""),"may manifest it by the uplifted hand.") -> may manifest it by the uplifted hand. | H8: =IFERROR(__xludf.DUMMYFUNCTION("""COMPUTED_VALUE"""),"") | I8: =IFERROR(__xludf.DUMMYFUNCTION("""COMPUTED_VALUE"""),"") | K8: =IFERROR(__xludf.DUMMYFUNCTION("""COMPUTED_VALUE"""),"- Those opposed, if any, may manifest it ...") -> - Those opposed, if any, may manifest it ... | L8: =IFERROR(__xludf.DUMMYFUNCTION("""COMPUTED_VALUE"""),"") | M8: =IFERROR(__xludf.DUMMYFUNCTION("""COMPUTED_VALUE"""),"")

Sheet YSA
A1: YSA | B1: Swipe to Show Release / Sustain List → | G1: =hyperlink("https://docs.google.com/spreadsheets/d/1e2BOHVwG__zzJXOYlk6mqBmkq1gTDD6SafJrFhAFJMM/edit?gid=346688937#gid=346688937","Check Off Sheet") -> Check Off Sheet | K1: =hyperlink("https://docs.google.com/spreadsheets/d/1e2BOHVwG__zzJXOYlk6mqBmkq1gTDD6SafJrFhAFJMM/edit?gid=346688937#gid=346688937","Check Off Sheet") -> Check Off Sheet
A3: Unit To Do List (Setting Apart, Ordaining, Training) | G3: Release & Thank | K3: Sustain
A4: Please complete all of the following when you attend your unit | G4: The following have been released, and we propose that they be given a vote of thanks for their service ... | K4: The following have been called (ordained), and we propose that they be sustained ...
A5: =IFERROR(__xludf.DUMMYFUNCTION("IFERROR( ARRAYFORMULA({ {""Individual"",""Calling / Office"",""Step"",""Assigned"",""Trainer""}; SORT( FILTER( { IF(LEN('Status Board'!H2:H25), HYPERLINK('Status Board'!H2:H25,'Status Board'!B2:B25), "&" 'Status Board'!B2:B25 ), 'Status Board'!C2:C25, 'Status Board'!E2:E25, 'Status Board'!F2:F25, 'Status Board'!G2:G25 }, ('Status Board'!D2:D25=$A$1) * (LEN('Status Board'!B2:B25"&")>0) * ISNA(MATCH('Status Board'!E2:E25, {""Release"",""Sustain"",""Stake Interview"",""HC Approval"",""Pending Approval"",""Update System + LCR""}, 0 )) ), 3, TRUE, 1, TRUE ) }), {""No records found"&""","""","""","""",""""} )"),"Individual") -> Individual | B5: =IFERROR(__xludf.DUMMYFUNCTION("""COMPUTED_VALUE"""),"Calling / Office") -> Calling / Office | C5: =IFERROR(__xludf.DUMMYFUNCTION("""COMPUTED_VALUE"""),"Step") -> Step | D5: =IFERROR(__xludf.DUMMYFUNCTION("""COMPUTED_VALUE"""),"Assigned") -> Assigned | E5: =IFERROR(__xludf.DUMMYFUNCTION("""COMPUTED_VALUE"""),"Trainer") -> Trainer | G5: =IFERROR(__xludf.DUMMYFUNCTION("VSTACK( QUERY( Sustainings!$A$3:$O25, ""Select A,B,D Where O = 'Active' and C='Release & Thank' and "" & SUBSTITUTE(ADDRESS(1, MATCH($A$1, Sustainings!$3:$3, 0), 4), ""1"", """") & "" = False Order By C"" ), {"""","""",""""}, {""Th"&"ose who wish to express their appreciation"","""",""""}, {""may manifest it by the uplifted hand."","""",""""} ) "),"Individual") -> Individual | H5: =IFERROR(__xludf.DUMMYFUNCTION("""COMPUTED_VALUE"""),"Unit") -> Unit | I5: =IFERROR(__xludf.DUMMYFUNCTION("""COMPUTED_VALUE"""),"Calling / Office") -> Calling / Office | K5: =IFERROR(__xludf.DUMMYFUNCTION("VSTACK( QUERY( Sustainings!$A$3:$O25, ""Select A,B,D Where O = 'Active' and C='Sustain' and "" & SUBSTITUTE(ADDRESS(1, MATCH($A$1, Sustainings!$3:$3, 0), 4), ""1"", """") & "" = False Order By C"" ), {"""","""",""""}, {""- Those in"&" favor may manifest it by the uplifted hand ..."","""",""""}, {""- Those opposed, if any, may manifest it ..."","""",""""} ) "),"Individual") -> Individual | L5: =IFERROR(__xludf.DUMMYFUNCTION("""COMPUTED_VALUE"""),"Unit") -> Unit | M5: =IFERROR(__xludf.DUMMYFUNCTION("""COMPUTED_VALUE"""),"Calling / Office") -> Calling / Office
A6: =IFERROR(__xludf.DUMMYFUNCTION("""COMPUTED_VALUE"""),"Clayton Hoekwater") -> Clayton Hoekwater | B6: =IFERROR(__xludf.DUMMYFUNCTION("""COMPUTED_VALUE"""),"Elder") -> Elder | C6: =IFERROR(__xludf.DUMMYFUNCTION("""COMPUTED_VALUE"""),"Certificate") -> Certificate | D6: =IFERROR(__xludf.DUMMYFUNCTION("""COMPUTED_VALUE"""),"Conn") -> Conn | E6: =IFERROR(__xludf.DUMMYFUNCTION("""COMPUTED_VALUE""")," ") | G6: =IFERROR(__xludf.DUMMYFUNCTION("""COMPUTED_VALUE"""),"") | H6: =IFERROR(__xludf.DUMMYFUNCTION("""COMPUTED_VALUE"""),"") | I6: =IFERROR(__xludf.DUMMYFUNCTION("""COMPUTED_VALUE"""),"") | K6: =IFERROR(__xludf.DUMMYFUNCTION("""COMPUTED_VALUE"""),"") | L6: =IFERROR(__xludf.DUMMYFUNCTION("""COMPUTED_VALUE"""),"") | M6: =IFERROR(__xludf.DUMMYFUNCTION("""COMPUTED_VALUE"""),"")
G7: =IFERROR(__xludf.DUMMYFUNCTION("""COMPUTED_VALUE"""),"Those who wish to express their appreciation") -> Those who wish to express their appreciation | H7: =IFERROR(__xludf.DUMMYFUNCTION("""COMPUTED_VALUE"""),"") | I7: =IFERROR(__xludf.DUMMYFUNCTION("""COMPUTED_VALUE"""),"") | K7: =IFERROR(__xludf.DUMMYFUNCTION("""COMPUTED_VALUE"""),"- Those in favor may manifest it by the uplifted hand ...") -> - Those in favor may manifest it by the uplifted hand ... | L7: =IFERROR(__xludf.DUMMYFUNCTION("""COMPUTED_VALUE"""),"") | M7: =IFERROR(__xludf.DUMMYFUNCTION("""COMPUTED_VALUE"""),"")
G8: =IFERROR(__xludf.DUMMYFUNCTION("""COMPUTED_VALUE"""),"may manifest it by the uplifted hand.") -> may manifest it by the uplifted hand. | H8: =IFERROR(__xludf.DUMMYFUNCTION("""COMPUTED_VALUE"""),"") | I8: =IFERROR(__xludf.DUMMYFUNCTION("""COMPUTED_VALUE"""),"") | K8: =IFERROR(__xludf.DUMMYFUNCTION("""COMPUTED_VALUE"""),"- Those opposed, if any, may manifest it ...") -> - Those opposed, if any, may manifest it ... | L8: =IFERROR(__xludf.DUMMYFUNCTION("""COMPUTED_VALUE"""),"") | M8: =IFERROR(__xludf.DUMMYFUNCTION("""COMPUTED_VALUE"""),"")
